image_path,category,product_id,price
data/images/Briefs/42823.jpg,Briefs,42823,
data/images/Briefs/17871.jpg,Briefs,17871,
data/images/Briefs/28050.jpg,Briefs,28050,
data/images/Briefs/50587.jpg,Briefs,50587,
data/images/Briefs/54189.jpg,Briefs,54189,
data/images/Briefs/50985.jpg,Briefs,50985,
data/images/Briefs/47508.jpg,Briefs,47508,
data/images/Briefs/45632.jpg,Briefs,45632,
data/images/Briefs/28898.jpg,Briefs,28898,
data/images/Briefs/51038.jpg,Briefs,51038,
data/images/Briefs/50545.jpg,Briefs,50545,
data/images/Briefs/25385.jpg,Briefs,25385,
data/images/Briefs/25349.jpg,Briefs,25349,
data/images/Briefs/42824.jpg,Briefs,42824,
data/images/Briefs/34605.jpg,Briefs,34605,
data/images/Briefs/32138.jpg,Briefs,32138,
data/images/Briefs/59696.jpg,Briefs,59696,
data/images/Briefs/50589.jpg,Briefs,50589,
data/images/Briefs/27488.jpg,Briefs,27488,
data/images/Briefs/15778.jpg,Briefs,15778,
data/images/Briefs/53536.jpg,Briefs,53536,
data/images/Briefs/28035.jpg,Briefs,28035,
data/images/Briefs/45635.jpg,Briefs,45635,
data/images/Briefs/51835.jpg,Briefs,51835,
data/images/Briefs/28032.jpg,Briefs,28032,
data/images/Briefs/51053.jpg,Briefs,51053,
data/images/Briefs/50542.jpg,Briefs,50542,
data/images/Briefs/57395.jpg,Briefs,57395,
data/images/Briefs/28831.jpg,Briefs,28831,
data/images/Briefs/34602.jpg,Briefs,34602,
data/images/Briefs/25347.jpg,Briefs,25347,
data/images/Briefs/28896.jpg,Briefs,28896,
data/images/Briefs/18698.jpg,Briefs,18698,
data/images/Briefs/18696.jpg,Briefs,18696,
data/images/Briefs/15782.jpg,Briefs,15782,
data/images/Briefs/42410.jpg,Briefs,42410,
data/images/Briefs/28003.jpg,Briefs,28003,
data/images/Briefs/28057.jpg,Briefs,28057,
data/images/Briefs/57368.jpg,Briefs,57368,
data/images/Briefs/53531.jpg,Briefs,53531,
data/images/Dresses/46271.jpg,Dresses,46271,
data/images/Dresses/6873.jpg,Dresses,6873,
data/images/Dresses/6874.jpg,Dresses,6874,
data/images/Dresses/50724.jpg,Dresses,50724,
data/images/Dresses/34062.jpg,Dresses,34062,
data/images/Dresses/6872.jpg,Dresses,6872,
data/images/Dresses/34065.jpg,Dresses,34065,
data/images/Dresses/43508.jpg,Dresses,43508,
data/images/Dresses/31126.jpg,Dresses,31126,
data/images/Dresses/38838.jpg,Dresses,38838,
data/images/Dresses/59896.jpg,Dresses,59896,
data/images/Dresses/38836.jpg,Dresses,38836,
data/images/Dresses/13472.jpg,Dresses,13472,
data/images/Dresses/50723.jpg,Dresses,50723,
data/images/Dresses/48525.jpg,Dresses,48525,
data/images/Dresses/33486.jpg,Dresses,33486,
data/images/Dresses/43302.jpg,Dresses,43302,
data/images/Dresses/6875.jpg,Dresses,6875,
data/images/Dresses/39716.jpg,Dresses,39716,
data/images/Dresses/25971.jpg,Dresses,25971,
data/images/Dresses/31127.jpg,Dresses,31127,
data/images/Dresses/27224.jpg,Dresses,27224,
data/images/Dresses/33225.jpg,Dresses,33225,
data/images/Dresses/7306.jpg,Dresses,7306,
data/images/Dresses/27223.jpg,Dresses,27223,
data/images/Dresses/46285.jpg,Dresses,46285,
data/images/Dresses/46277.jpg,Dresses,46277,
data/images/Dresses/49631.jpg,Dresses,49631,
data/images/Dresses/4987.jpg,Dresses,4987,
data/images/Dresses/59897.jpg,Dresses,59897,
data/images/Dresses/10406.jpg,Dresses,10406,
data/images/Dresses/43509.jpg,Dresses,43509,
data/images/Dresses/4988.jpg,Dresses,4988,
data/images/Dresses/31128.jpg,Dresses,31128,
data/images/Dresses/36750.jpg,Dresses,36750,
data/images/Dresses/57995.jpg,Dresses,57995,
data/images/Dresses/31129.jpg,Dresses,31129,
data/images/Dresses/18897.jpg,Dresses,18897,
data/images/Dresses/26934.jpg,Dresses,26934,
data/images/Dresses/51465.jpg,Dresses,51465,
data/images/Nightdress/52357.jpg,Nightdress,52357,
data/images/Nightdress/52358.jpg,Nightdress,52358,
data/images/Nightdress/52410.jpg,Nightdress,52410,
data/images/Nightdress/52394.jpg,Nightdress,52394,
data/images/Nightdress/51983.jpg,Nightdress,51983,
data/images/Nightdress/51802.jpg,Nightdress,51802,
data/images/Nightdress/52411.jpg,Nightdress,52411,
data/images/Nightdress/52392.jpg,Nightdress,52392,
data/images/Nightdress/52420.jpg,Nightdress,52420,
data/images/Nightdress/52350.jpg,Nightdress,52350,
data/images/Nightdress/52368.jpg,Nightdress,52368,
data/images/Nightdress/52393.jpg,Nightdress,52393,
data/images/Nightdress/51982.jpg,Nightdress,51982,
data/images/Nightdress/59744.jpg,Nightdress,59744,
data/images/Nightdress/52443.jpg,Nightdress,52443,
data/images/Nightdress/52351.jpg,Nightdress,52351,
data/images/Nightdress/52444.jpg,Nightdress,52444,
data/images/Nightdress/52356.jpg,Nightdress,52356,
data/images/Nightdress/52427.jpg,Nightdress,52427,
data/images/Nightdress/52418.jpg,Nightdress,52418,
data/images/Nightdress/52366.jpg,Nightdress,52366,
data/images/Nightdress/52426.jpg,Nightdress,52426,
data/images/Nightdress/52445.jpg,Nightdress,52445,
data/images/Nightdress/52421.jpg,Nightdress,52421,
data/images/Nightdress/52395.jpg,Nightdress,52395,
data/images/Nightdress/59716.jpg,Nightdress,59716,
data/images/Nightdress/39239.jpg,Nightdress,39239,
data/images/Nightdress/52442.jpg,Nightdress,52442,
data/images/Nightdress/51036.jpg,Nightdress,51036,
data/images/Nightdress/55832.jpg,Nightdress,55832,
data/images/Nightdress/52367.jpg,Nightdress,52367,
data/images/Nightdress/52359.jpg,Nightdress,52359,
data/images/Nightdress/39238.jpg,Nightdress,39238,
data/images/Nightdress/52429.jpg,Nightdress,52429,
data/images/Nightdress/50983.jpg,Nightdress,50983,
data/images/Nightdress/52361.jpg,Nightdress,52361,
data/images/Nightdress/59745.jpg,Nightdress,59745,
data/images/Nightdress/52419.jpg,Nightdress,52419,
data/images/Nightdress/52428.jpg,Nightdress,52428,
data/images/Nightdress/52360.jpg,Nightdress,52360,
data/images/Tshirts/8322.jpg,Tshirts,8322,
data/images/Tshirts/9835.jpg,Tshirts,9835,
data/images/Tshirts/13419.jpg,Tshirts,13419,
data/images/Tshirts/15528.jpg,Tshirts,15528,
data/images/Tshirts/1855.jpg,Tshirts,1855,
data/images/Tshirts/5092.jpg,Tshirts,5092,
data/images/Tshirts/2243.jpg,Tshirts,2243,
data/images/Tshirts/4386.jpg,Tshirts,4386,
data/images/Tshirts/6287.jpg,Tshirts,6287,
data/images/Tshirts/38630.jpg,Tshirts,38630,
data/images/Tshirts/15187.jpg,Tshirts,15187,
data/images/Tshirts/6041.jpg,Tshirts,6041,
data/images/Tshirts/7355.jpg,Tshirts,7355,
data/images/Tshirts/5865.jpg,Tshirts,5865,
data/images/Tshirts/2288.jpg,Tshirts,2288,
data/images/Tshirts/20260.jpg,Tshirts,20260,
data/images/Tshirts/43500.jpg,Tshirts,43500,
data/images/Tshirts/29584.jpg,Tshirts,29584,
data/images/Tshirts/10065.jpg,Tshirts,10065,
data/images/Tshirts/3954.jpg,Tshirts,3954,
data/images/Tshirts/4729.jpg,Tshirts,4729,
data/images/Tshirts/30650.jpg,Tshirts,30650,
data/images/Tshirts/18237.jpg,Tshirts,18237,
data/images/Tshirts/14293.jpg,Tshirts,14293,
data/images/Tshirts/3533.jpg,Tshirts,3533,
data/images/Tshirts/10859.jpg,Tshirts,10859,
data/images/Tshirts/10866.jpg,Tshirts,10866,
data/images/Tshirts/53759.jpg,Tshirts,53759,
data/images/Tshirts/7990.jpg,Tshirts,7990,
data/images/Tshirts/44341.jpg,Tshirts,44341,
data/images/Tshirts/53766.jpg,Tshirts,53766,
data/images/Tshirts/7964.jpg,Tshirts,7964,
data/images/Tshirts/11527.jpg,Tshirts,11527,
data/images/Tshirts/9694.jpg,Tshirts,9694,
data/images/Tshirts/24062.jpg,Tshirts,24062,
data/images/Tshirts/3365.jpg,Tshirts,3365,
data/images/Tshirts/3701.jpg,Tshirts,3701,
data/images/Tshirts/17240.jpg,Tshirts,17240,
data/images/Tshirts/5891.jpg,Tshirts,5891,
data/images/Tshirts/28469.jpg,Tshirts,28469,
data/images/Deodorant/44384.jpg,Deodorant,44384,
data/images/Deodorant/43994.jpg,Deodorant,43994,
data/images/Deodorant/58988.jpg,Deodorant,58988,
data/images/Deodorant/28238.jpg,Deodorant,28238,
data/images/Deodorant/22555.jpg,Deodorant,22555,
data/images/Deodorant/18461.jpg,Deodorant,18461,
data/images/Deodorant/28262.jpg,Deodorant,28262,
data/images/Deodorant/28236.jpg,Deodorant,28236,
data/images/Deodorant/44949.jpg,Deodorant,44949,
data/images/Deodorant/58989.jpg,Deodorant,58989,
data/images/Deodorant/46641.jpg,Deodorant,46641,
data/images/Deodorant/44383.jpg,Deodorant,44383,
data/images/Deodorant/58974.jpg,Deodorant,58974,
data/images/Deodorant/46624.jpg,Deodorant,46624,
data/images/Deodorant/58980.jpg,Deodorant,58980,
data/images/Deodorant/28265.jpg,Deodorant,28265,
data/images/Deodorant/28254.jpg,Deodorant,28254,
data/images/Deodorant/59002.jpg,Deodorant,59002,
data/images/Deodorant/28253.jpg,Deodorant,28253,
data/images/Deodorant/43106.jpg,Deodorant,43106,
data/images/Deodorant/58987.jpg,Deodorant,58987,
data/images/Deodorant/26732.jpg,Deodorant,26732,
data/images/Deodorant/28230.jpg,Deodorant,28230,
data/images/Deodorant/46646.jpg,Deodorant,46646,
data/images/Deodorant/26733.jpg,Deodorant,26733,
data/images/Deodorant/44385.jpg,Deodorant,44385,
data/images/Deodorant/59005.jpg,Deodorant,59005,
data/images/Deodorant/18459.jpg,Deodorant,18459,
data/images/Deodorant/32530.jpg,Deodorant,32530,
data/images/Deodorant/44377.jpg,Deodorant,44377,
data/images/Deodorant/25984.jpg,Deodorant,25984,
data/images/Deodorant/44382.jpg,Deodorant,44382,
data/images/Deodorant/26735.jpg,Deodorant,26735,
data/images/Deodorant/36565.jpg,Deodorant,36565,
data/images/Deodorant/44127.jpg,Deodorant,44127,
data/images/Deodorant/28237.jpg,Deodorant,28237,
data/images/Deodorant/18458.jpg,Deodorant,18458,
data/images/Deodorant/28231.jpg,Deodorant,28231,
data/images/Deodorant/58986.jpg,Deodorant,58986,
data/images/Deodorant/36564.jpg,Deodorant,36564,
data/images/Sweatshirts/19546.jpg,Sweatshirts,19546,
data/images/Sweatshirts/20203.jpg,Sweatshirts,20203,
data/images/Sweatshirts/1609.jpg,Sweatshirts,1609,
data/images/Sweatshirts/13225.jpg,Sweatshirts,13225,
data/images/Sweatshirts/54949.jpg,Sweatshirts,54949,
data/images/Sweatshirts/19549.jpg,Sweatshirts,19549,
data/images/Sweatshirts/12531.jpg,Sweatshirts,12531,
data/images/Sweatshirts/13089.jpg,Sweatshirts,13089,
data/images/Sweatshirts/22591.jpg,Sweatshirts,22591,
data/images/Sweatshirts/19327.jpg,Sweatshirts,19327,
data/images/Sweatshirts/18864.jpg,Sweatshirts,18864,
data/images/Sweatshirts/46411.jpg,Sweatshirts,46411,
data/images/Sweatshirts/15586.jpg,Sweatshirts,15586,
data/images/Sweatshirts/19171.jpg,Sweatshirts,19171,
data/images/Sweatshirts/20204.jpg,Sweatshirts,20204,
data/images/Sweatshirts/21725.jpg,Sweatshirts,21725,
data/images/Sweatshirts/24090.jpg,Sweatshirts,24090,
data/images/Sweatshirts/16905.jpg,Sweatshirts,16905,
data/images/Sweatshirts/23876.jpg,Sweatshirts,23876,
data/images/Sweatshirts/2286.jpg,Sweatshirts,2286,
data/images/Sweatshirts/15370.jpg,Sweatshirts,15370,
data/images/Sweatshirts/15371.jpg,Sweatshirts,15371,
data/images/Sweatshirts/19547.jpg,Sweatshirts,19547,
data/images/Sweatshirts/16903.jpg,Sweatshirts,16903,
data/images/Sweatshirts/20205.jpg,Sweatshirts,20205,
data/images/Sweatshirts/19328.jpg,Sweatshirts,19328,
data/images/Sweatshirts/18865.jpg,Sweatshirts,18865,
data/images/Sweatshirts/18863.jpg,Sweatshirts,18863,
data/images/Sweatshirts/54948.jpg,Sweatshirts,54948,
data/images/Sweatshirts/19326.jpg,Sweatshirts,19326,
data/images/Sweatshirts/19321.jpg,Sweatshirts,19321,
data/images/Sweatshirts/13224.jpg,Sweatshirts,13224,
data/images/Sweatshirts/12536.jpg,Sweatshirts,12536,
data/images/Sweatshirts/11385.jpg,Sweatshirts,11385,
data/images/Sweatshirts/11370.jpg,Sweatshirts,11370,
data/images/Sweatshirts/19548.jpg,Sweatshirts,19548,
data/images/Sweatshirts/54913.jpg,Sweatshirts,54913,
data/images/Sweatshirts/15324.jpg,Sweatshirts,15324,
data/images/Sweatshirts/19146.jpg,Sweatshirts,19146,
data/images/Sweatshirts/20202.jpg,Sweatshirts,20202,
data/images/Nail Polish/55893.jpg,Nail Polish,55893,
data/images/Nail Polish/56486.jpg,Nail Polish,56486,
data/images/Nail Polish/55913.jpg,Nail Polish,55913,
data/images/Nail Polish/55850.jpg,Nail Polish,55850,
data/images/Nail Polish/56443.jpg,Nail Polish,56443,
data/images/Nail Polish/55867.jpg,Nail Polish,55867,
data/images/Nail Polish/57649.jpg,Nail Polish,57649,
data/images/Nail Polish/55860.jpg,Nail Polish,55860,
data/images/Nail Polish/55895.jpg,Nail Polish,55895,
data/images/Nail Polish/55186.jpg,Nail Polish,55186,
data/images/Nail Polish/56488.jpg,Nail Polish,56488,
data/images/Nail Polish/55128.jpg,Nail Polish,55128,
data/images/Nail Polish/56480.jpg,Nail Polish,56480,
data/images/Nail Polish/55856.jpg,Nail Polish,55856,
data/images/Nail Polish/55866.jpg,Nail Polish,55866,
data/images/Nail Polish/55894.jpg,Nail Polish,55894,
data/images/Nail Polish/55868.jpg,Nail Polish,55868,
data/images/Nail Polish/55858.jpg,Nail Polish,55858,
data/images/Nail Polish/55859.jpg,Nail Polish,55859,
data/images/Nail Polish/55914.jpg,Nail Polish,55914,
data/images/Nail Polish/56472.jpg,Nail Polish,56472,
data/images/Nail Polish/55126.jpg,Nail Polish,55126,
data/images/Nail Polish/49125.jpg,Nail Polish,49125,
data/images/Nail Polish/56489.jpg,Nail Polish,56489,
data/images/Nail Polish/57640.jpg,Nail Polish,57640,
data/images/Nail Polish/55851.jpg,Nail Polish,55851,
data/images/Nail Polish/55922.jpg,Nail Polish,55922,
data/images/Nail Polish/55892.jpg,Nail Polish,55892,
data/images/Nail Polish/55869.jpg,Nail Polish,55869,
data/images/Nail Polish/56473.jpg,Nail Polish,56473,
data/images/Nail Polish/56475.jpg,Nail Polish,56475,
data/images/Nail Polish/56474.jpg,Nail Polish,56474,
data/images/Nail Polish/56481.jpg,Nail Polish,56481,
data/images/Nail Polish/57671.jpg,Nail Polish,57671,
data/images/Nail Polish/55925.jpg,Nail Polish,55925,
data/images/Nail Polish/55121.jpg,Nail Polish,55121,
data/images/Nail Polish/55857.jpg,Nail Polish,55857,
data/images/Nail Polish/56444.jpg,Nail Polish,56444,
data/images/Nail Polish/55861.jpg,Nail Polish,55861,
data/images/Nail Polish/57647.jpg,Nail Polish,57647,
data/images/Skirts/30922.jpg,Skirts,30922,
data/images/Skirts/31454.jpg,Skirts,31454,
data/images/Skirts/5005.jpg,Skirts,5005,
data/images/Skirts/8496.jpg,Skirts,8496,
data/images/Skirts/33271.jpg,Skirts,33271,
data/images/Skirts/30923.jpg,Skirts,30923,
data/images/Skirts/29171.jpg,Skirts,29171,
data/images/Skirts/30925.jpg,Skirts,30925,
data/images/Skirts/28456.jpg,Skirts,28456,
data/images/Skirts/31605.jpg,Skirts,31605,
data/images/Skirts/48493.jpg,Skirts,48493,
data/images/Skirts/12848.jpg,Skirts,12848,
data/images/Skirts/18711.jpg,Skirts,18711,
data/images/Skirts/8498.jpg,Skirts,8498,
data/images/Skirts/33270.jpg,Skirts,33270,
data/images/Skirts/57089.jpg,Skirts,57089,
data/images/Skirts/57086.jpg,Skirts,57086,
data/images/Skirts/57087.jpg,Skirts,57087,
data/images/Skirts/18710.jpg,Skirts,18710,
data/images/Skirts/10000.jpg,Skirts,10000,
data/images/Skirts/46813.jpg,Skirts,46813,
data/images/Skirts/46814.jpg,Skirts,46814,
data/images/Skirts/8497.jpg,Skirts,8497,
data/images/Skirts/4929.jpg,Skirts,4929,
data/images/Skirts/10001.jpg,Skirts,10001,
data/images/Skirts/30924.jpg,Skirts,30924,
data/images/Skirts/13305.jpg,Skirts,13305,
data/images/Skirts/5004.jpg,Skirts,5004,
data/images/Skirts/27199.jpg,Skirts,27199,
data/images/Skirts/11260.jpg,Skirts,11260,
data/images/Skirts/13304.jpg,Skirts,13304,
data/images/Skirts/32591.jpg,Skirts,32591,
data/images/Skirts/49655.jpg,Skirts,49655,
data/images/Skirts/3901.jpg,Skirts,3901,
data/images/Skirts/49636.jpg,Skirts,49636,
data/images/Skirts/33508.jpg,Skirts,33508,
data/images/Skirts/57088.jpg,Skirts,57088,
data/images/Skirts/49654.jpg,Skirts,49654,
data/images/Skirts/6532.jpg,Skirts,6532,
data/images/Skirts/8499.jpg,Skirts,8499,
data/images/Perfume and Body Mist/36704.jpg,Perfume and Body Mist,36704,
data/images/Perfume and Body Mist/44116.jpg,Perfume and Body Mist,44116,
data/images/Perfume and Body Mist/36934.jpg,Perfume and Body Mist,36934,
data/images/Perfume and Body Mist/44142.jpg,Perfume and Body Mist,44142,
data/images/Perfume and Body Mist/43993.jpg,Perfume and Body Mist,43993,
data/images/Perfume and Body Mist/46679.jpg,Perfume and Body Mist,46679,
data/images/Perfume and Body Mist/18450.jpg,Perfume and Body Mist,18450,
data/images/Perfume and Body Mist/36933.jpg,Perfume and Body Mist,36933,
data/images/Perfume and Body Mist/26190.jpg,Perfume and Body Mist,26190,
data/images/Perfume and Body Mist/58973.jpg,Perfume and Body Mist,58973,
data/images/Perfume and Body Mist/44379.jpg,Perfume and Body Mist,44379,
data/images/Perfume and Body Mist/43137.jpg,Perfume and Body Mist,43137,
data/images/Perfume and Body Mist/44118.jpg,Perfume and Body Mist,44118,
data/images/Perfume and Body Mist/44180.jpg,Perfume and Body Mist,44180,
data/images/Perfume and Body Mist/25982.jpg,Perfume and Body Mist,25982,
data/images/Perfume and Body Mist/26197.jpg,Perfume and Body Mist,26197,
data/images/Perfume and Body Mist/44173.jpg,Perfume and Body Mist,44173,
data/images/Perfume and Body Mist/45692.jpg,Perfume and Body Mist,45692,
data/images/Perfume and Body Mist/44144.jpg,Perfume and Body Mist,44144,
data/images/Perfume and Body Mist/58945.jpg,Perfume and Body Mist,58945,
data/images/Perfume and Body Mist/43967.jpg,Perfume and Body Mist,43967,
data/images/Perfume and Body Mist/18466.jpg,Perfume and Body Mist,18466,
data/images/Perfume and Body Mist/25985.jpg,Perfume and Body Mist,25985,
data/images/Perfume and Body Mist/36703.jpg,Perfume and Body Mist,36703,
data/images/Perfume and Body Mist/32539.jpg,Perfume and Body Mist,32539,
data/images/Perfume and Body Mist/23615.jpg,Perfume and Body Mist,23615,
data/images/Perfume and Body Mist/46684.jpg,Perfume and Body Mist,46684,
data/images/Perfume and Body Mist/18457.jpg,Perfume and Body Mist,18457,
data/images/Perfume and Body Mist/25978.jpg,Perfume and Body Mist,25978,
data/images/Perfume and Body Mist/32537.jpg,Perfume and Body Mist,32537,
data/images/Perfume and Body Mist/18468.jpg,Perfume and Body Mist,18468,
data/images/Perfume and Body Mist/18456.jpg,Perfume and Body Mist,18456,
data/images/Perfume and Body Mist/26199.jpg,Perfume and Body Mist,26199,
data/images/Perfume and Body Mist/43130.jpg,Perfume and Body Mist,43130,
data/images/Perfume and Body Mist/44187.jpg,Perfume and Body Mist,44187,
data/images/Perfume and Body Mist/43969.jpg,Perfume and Body Mist,43969,
data/images/Perfume and Body Mist/45668.jpg,Perfume and Body Mist,45668,
data/images/Perfume and Body Mist/46683.jpg,Perfume and Body Mist,46683,
data/images/Perfume and Body Mist/46677.jpg,Perfume and Body Mist,46677,
data/images/Perfume and Body Mist/23612.jpg,Perfume and Body Mist,23612,
data/images/Caps/19973.jpg,Caps,19973,
data/images/Caps/18207.jpg,Caps,18207,
data/images/Caps/29122.jpg,Caps,29122,
data/images/Caps/25715.jpg,Caps,25715,
data/images/Caps/28609.jpg,Caps,28609,
data/images/Caps/18209.jpg,Caps,18209,
data/images/Caps/3737.jpg,Caps,3737,
data/images/Caps/40746.jpg,Caps,40746,
data/images/Caps/20062.jpg,Caps,20062,
data/images/Caps/58148.jpg,Caps,58148,
data/images/Caps/49236.jpg,Caps,49236,
data/images/Caps/40771.jpg,Caps,40771,
data/images/Caps/25712.jpg,Caps,25712,
data/images/Caps/7736.jpg,Caps,7736,
data/images/Caps/40747.jpg,Caps,40747,
data/images/Caps/49238.jpg,Caps,49238,
data/images/Caps/3739.jpg,Caps,3739,
data/images/Caps/43553.jpg,Caps,43553,
data/images/Caps/28654.jpg,Caps,28654,
data/images/Caps/12735.jpg,Caps,12735,
data/images/Caps/25713.jpg,Caps,25713,
data/images/Caps/58149.jpg,Caps,58149,
data/images/Caps/10603.jpg,Caps,10603,
data/images/Caps/16537.jpg,Caps,16537,
data/images/Caps/25714.jpg,Caps,25714,
data/images/Caps/7739.jpg,Caps,7739,
data/images/Caps/13824.jpg,Caps,13824,
data/images/Caps/43552.jpg,Caps,43552,
data/images/Caps/40111.jpg,Caps,40111,
data/images/Caps/18208.jpg,Caps,18208,
data/images/Caps/11121.jpg,Caps,11121,
data/images/Caps/49239.jpg,Caps,49239,
data/images/Caps/10604.jpg,Caps,10604,
data/images/Caps/19743.jpg,Caps,19743,
data/images/Caps/7737.jpg,Caps,7737,
data/images/Caps/16536.jpg,Caps,16536,
data/images/Caps/3736.jpg,Caps,3736,
data/images/Caps/18206.jpg,Caps,18206,
data/images/Caps/49807.jpg,Caps,49807,
data/images/Caps/9436.jpg,Caps,9436,
data/images/Ties/49745.jpg,Ties,49745,
data/images/Ties/36366.jpg,Ties,36366,
data/images/Ties/50315.jpg,Ties,50315,
data/images/Ties/49690.jpg,Ties,49690,
data/images/Ties/36356.jpg,Ties,36356,
data/images/Ties/49742.jpg,Ties,49742,
data/images/Ties/50312.jpg,Ties,50312,
data/images/Ties/58910.jpg,Ties,58910,
data/images/Ties/15947.jpg,Ties,15947,
data/images/Ties/18780.jpg,Ties,18780,
data/images/Ties/36357.jpg,Ties,36357,
data/images/Ties/49696.jpg,Ties,49696,
data/images/Ties/18774.jpg,Ties,18774,
data/images/Ties/15946.jpg,Ties,15946,
data/images/Ties/50314.jpg,Ties,50314,
data/images/Ties/58918.jpg,Ties,58918,
data/images/Ties/36361.jpg,Ties,36361,
data/images/Ties/49697.jpg,Ties,49697,
data/images/Ties/58896.jpg,Ties,58896,
data/images/Ties/36367.jpg,Ties,36367,
data/images/Ties/49720.jpg,Ties,49720,
data/images/Ties/50313.jpg,Ties,50313,
data/images/Ties/36351.jpg,Ties,36351,
data/images/Ties/36369.jpg,Ties,36369,
data/images/Ties/58919.jpg,Ties,58919,
data/images/Ties/36358.jpg,Ties,36358,
data/images/Ties/18773.jpg,Ties,18773,
data/images/Ties/15948.jpg,Ties,15948,
data/images/Ties/15949.jpg,Ties,15949,
data/images/Ties/19231.jpg,Ties,19231,
data/images/Ties/49699.jpg,Ties,49699,
data/images/Ties/36359.jpg,Ties,36359,
data/images/Ties/58916.jpg,Ties,58916,
data/images/Ties/58917.jpg,Ties,58917,
data/images/Ties/58898.jpg,Ties,58898,
data/images/Ties/36350.jpg,Ties,36350,
data/images/Ties/36360.jpg,Ties,36360,
data/images/Ties/58911.jpg,Ties,58911,
data/images/Ties/36368.jpg,Ties,36368,
data/images/Ties/58891.jpg,Ties,58891,
data/images/Trousers/23089.jpg,Trousers,23089,
data/images/Trousers/8949.jpg,Trousers,8949,
data/images/Trousers/14695.jpg,Trousers,14695,
data/images/Trousers/26163.jpg,Trousers,26163,
data/images/Trousers/8947.jpg,Trousers,8947,
data/images/Trousers/16368.jpg,Trousers,16368,
data/images/Trousers/27614.jpg,Trousers,27614,
data/images/Trousers/15127.jpg,Trousers,15127,
data/images/Trousers/56822.jpg,Trousers,56822,
data/images/Trousers/10257.jpg,Trousers,10257,
data/images/Trousers/51605.jpg,Trousers,51605,
data/images/Trousers/15118.jpg,Trousers,15118,
data/images/Trousers/15111.jpg,Trousers,15111,
data/images/Trousers/14657.jpg,Trousers,14657,
data/images/Trousers/29781.jpg,Trousers,29781,
data/images/Trousers/57136.jpg,Trousers,57136,
data/images/Trousers/10261.jpg,Trousers,10261,
data/images/Trousers/32563.jpg,Trousers,32563,
data/images/Trousers/26139.jpg,Trousers,26139,
data/images/Trousers/26155.jpg,Trousers,26155,
data/images/Trousers/15116.jpg,Trousers,15116,
data/images/Trousers/29780.jpg,Trousers,29780,
data/images/Trousers/33815.jpg,Trousers,33815,
data/images/Trousers/15120.jpg,Trousers,15120,
data/images/Trousers/14659.jpg,Trousers,14659,
data/images/Trousers/10259.jpg,Trousers,10259,
data/images/Trousers/15749.jpg,Trousers,15749,
data/images/Trousers/48380.jpg,Trousers,48380,
data/images/Trousers/13248.jpg,Trousers,13248,
data/images/Trousers/44315.jpg,Trousers,44315,
data/images/Trousers/23088.jpg,Trousers,23088,
data/images/Trousers/26152.jpg,Trousers,26152,
data/images/Trousers/9892.jpg,Trousers,9892,
data/images/Trousers/15129.jpg,Trousers,15129,
data/images/Trousers/23072.jpg,Trousers,23072,
data/images/Trousers/22369.jpg,Trousers,22369,
data/images/Trousers/32564.jpg,Trousers,32564,
data/images/Trousers/57138.jpg,Trousers,57138,
data/images/Trousers/27622.jpg,Trousers,27622,
data/images/Trousers/26164.jpg,Trousers,26164,
data/images/Sunglasses/51669.jpg,Sunglasses,51669,
data/images/Sunglasses/8784.jpg,Sunglasses,8784,
data/images/Sunglasses/28207.jpg,Sunglasses,28207,
data/images/Sunglasses/16950.jpg,Sunglasses,16950,
data/images/Sunglasses/21348.jpg,Sunglasses,21348,
data/images/Sunglasses/17225.jpg,Sunglasses,17225,
data/images/Sunglasses/21346.jpg,Sunglasses,21346,
data/images/Sunglasses/9408.jpg,Sunglasses,9408,
data/images/Sunglasses/30668.jpg,Sunglasses,30668,
data/images/Sunglasses/29125.jpg,Sunglasses,29125,
data/images/Sunglasses/51694.jpg,Sunglasses,51694,
data/images/Sunglasses/28209.jpg,Sunglasses,28209,
data/images/Sunglasses/58549.jpg,Sunglasses,58549,
data/images/Sunglasses/28296.jpg,Sunglasses,28296,
data/images/Sunglasses/30661.jpg,Sunglasses,30661,
data/images/Sunglasses/16961.jpg,Sunglasses,16961,
data/images/Sunglasses/16109.jpg,Sunglasses,16109,
data/images/Sunglasses/20858.jpg,Sunglasses,20858,
data/images/Sunglasses/16107.jpg,Sunglasses,16107,
data/images/Sunglasses/40175.jpg,Sunglasses,40175,
data/images/Sunglasses/28291.jpg,Sunglasses,28291,
data/images/Sunglasses/16957.jpg,Sunglasses,16957,
data/images/Sunglasses/38236.jpg,Sunglasses,38236,
data/images/Sunglasses/40181.jpg,Sunglasses,40181,
data/images/Sunglasses/16959.jpg,Sunglasses,16959,
data/images/Sunglasses/38209.jpg,Sunglasses,38209,
data/images/Sunglasses/49665.jpg,Sunglasses,49665,
data/images/Sunglasses/20860.jpg,Sunglasses,20860,
data/images/Sunglasses/28200.jpg,Sunglasses,28200,
data/images/Sunglasses/21323.jpg,Sunglasses,21323,
data/images/Sunglasses/30269.jpg,Sunglasses,30269,
data/images/Sunglasses/38231.jpg,Sunglasses,38231,
data/images/Sunglasses/21341.jpg,Sunglasses,21341,
data/images/Sunglasses/21324.jpg,Sunglasses,21324,
data/images/Sunglasses/49662.jpg,Sunglasses,49662,
data/images/Sunglasses/51667.jpg,Sunglasses,51667,
data/images/Sunglasses/51693.jpg,Sunglasses,51693,
data/images/Sunglasses/30666.jpg,Sunglasses,30666,
data/images/Sunglasses/40172.jpg,Sunglasses,40172,
data/images/Sunglasses/17222.jpg,Sunglasses,17222,
data/images/Watches/43164.jpg,Watches,43164,
data/images/Watches/8110.jpg,Watches,8110,
data/images/Watches/4716.jpg,Watches,4716,
data/images/Watches/43163.jpg,Watches,43163,
data/images/Watches/17429.jpg,Watches,17429,
data/images/Watches/52678.jpg,Watches,52678,
data/images/Watches/59263.jpg,Watches,59263,
data/images/Watches/40527.jpg,Watches,40527,
data/images/Watches/30039.jpg,Watches,30039,
data/images/Watches/29917.jpg,Watches,29917,
data/images/Watches/23278.jpg,Watches,23278,
data/images/Watches/44977.jpg,Watches,44977,
data/images/Watches/30001.jpg,Watches,30001,
data/images/Watches/36761.jpg,Watches,36761,
data/images/Watches/29745.jpg,Watches,29745,
data/images/Watches/56670.jpg,Watches,56670,
data/images/Watches/44984.jpg,Watches,44984,
data/images/Watches/32335.jpg,Watches,32335,
data/images/Watches/45293.jpg,Watches,45293,
data/images/Watches/43190.jpg,Watches,43190,
data/images/Watches/11188.jpg,Watches,11188,
data/images/Watches/39711.jpg,Watches,39711,
data/images/Watches/44970.jpg,Watches,44970,
data/images/Watches/8117.jpg,Watches,8117,
data/images/Watches/36759.jpg,Watches,36759,
data/images/Watches/29928.jpg,Watches,29928,
data/images/Watches/13841.jpg,Watches,13841,
data/images/Watches/59290.jpg,Watches,59290,
data/images/Watches/26351.jpg,Watches,26351,
data/images/Watches/45869.jpg,Watches,45869,
data/images/Watches/45258.jpg,Watches,45258,
data/images/Watches/39375.jpg,Watches,39375,
data/images/Watches/22950.jpg,Watches,22950,
data/images/Watches/45294.jpg,Watches,45294,
data/images/Watches/36766.jpg,Watches,36766,
data/images/Watches/51658.jpg,Watches,51658,
data/images/Watches/36795.jpg,Watches,36795,
data/images/Watches/37481.jpg,Watches,37481,
data/images/Watches/44983.jpg,Watches,44983,
data/images/Watches/59264.jpg,Watches,59264,
data/images/Belts/33480.jpg,Belts,33480,
data/images/Belts/33474.jpg,Belts,33474,
data/images/Belts/46072.jpg,Belts,46072,
data/images/Belts/18839.jpg,Belts,18839,
data/images/Belts/15941.jpg,Belts,15941,
data/images/Belts/47162.jpg,Belts,47162,
data/images/Belts/25724.jpg,Belts,25724,
data/images/Belts/8126.jpg,Belts,8126,
data/images/Belts/38405.jpg,Belts,38405,
data/images/Belts/17075.jpg,Belts,17075,
data/images/Belts/18808.jpg,Belts,18808,
data/images/Belts/48549.jpg,Belts,48549,
data/images/Belts/17072.jpg,Belts,17072,
data/images/Belts/48115.jpg,Belts,48115,
data/images/Belts/46075.jpg,Belts,46075,
data/images/Belts/48123.jpg,Belts,48123,
data/images/Belts/24866.jpg,Belts,24866,
data/images/Belts/18837.jpg,Belts,18837,
data/images/Belts/38402.jpg,Belts,38402,
data/images/Belts/8121.jpg,Belts,8121,
data/images/Belts/57539.jpg,Belts,57539,
data/images/Belts/33473.jpg,Belts,33473,
data/images/Belts/51266.jpg,Belts,51266,
data/images/Belts/18801.jpg,Belts,18801,
data/images/Belts/16992.jpg,Belts,16992,
data/images/Belts/8925.jpg,Belts,8925,
data/images/Belts/18806.jpg,Belts,18806,
data/images/Belts/51261.jpg,Belts,51261,
data/images/Belts/41250.jpg,Belts,41250,
data/images/Belts/48124.jpg,Belts,48124,
data/images/Belts/24850.jpg,Belts,24850,
data/images/Belts/47165.jpg,Belts,47165,
data/images/Belts/14834.jpg,Belts,14834,
data/images/Belts/8922.jpg,Belts,8922,
data/images/Belts/18830.jpg,Belts,18830,
data/images/Belts/48112.jpg,Belts,48112,
data/images/Belts/20454.jpg,Belts,20454,
data/images/Belts/34803.jpg,Belts,34803,
data/images/Belts/8119.jpg,Belts,8119,
data/images/Belts/27841.jpg,Belts,27841,
data/images/Necklace and Chains/54869.jpg,Necklace and Chains,54869,
data/images/Necklace and Chains/54857.jpg,Necklace and Chains,54857,
data/images/Necklace and Chains/48344.jpg,Necklace and Chains,48344,
data/images/Necklace and Chains/46165.jpg,Necklace and Chains,46165,
data/images/Necklace and Chains/35120.jpg,Necklace and Chains,35120,
data/images/Necklace and Chains/53088.jpg,Necklace and Chains,53088,
data/images/Necklace and Chains/48343.jpg,Necklace and Chains,48343,
data/images/Necklace and Chains/54860.jpg,Necklace and Chains,54860,
data/images/Necklace and Chains/35118.jpg,Necklace and Chains,35118,
data/images/Necklace and Chains/46163.jpg,Necklace and Chains,46163,
data/images/Necklace and Chains/54868.jpg,Necklace and Chains,54868,
data/images/Necklace and Chains/46162.jpg,Necklace and Chains,46162,
data/images/Necklace and Chains/46153.jpg,Necklace and Chains,46153,
data/images/Necklace and Chains/52223.jpg,Necklace and Chains,52223,
data/images/Necklace and Chains/54867.jpg,Necklace and Chains,54867,
data/images/Necklace and Chains/54858.jpg,Necklace and Chains,54858,
data/images/Necklace and Chains/54175.jpg,Necklace and Chains,54175,
data/images/Necklace and Chains/46130.jpg,Necklace and Chains,46130,
data/images/Necklace and Chains/54850.jpg,Necklace and Chains,54850,
data/images/Necklace and Chains/54851.jpg,Necklace and Chains,54851,
data/images/Necklace and Chains/46154.jpg,Necklace and Chains,46154,
data/images/Necklace and Chains/52305.jpg,Necklace and Chains,52305,
data/images/Necklace and Chains/46139.jpg,Necklace and Chains,46139,
data/images/Necklace and Chains/48342.jpg,Necklace and Chains,48342,
data/images/Necklace and Chains/54172.jpg,Necklace and Chains,54172,
data/images/Necklace and Chains/53087.jpg,Necklace and Chains,53087,
data/images/Necklace and Chains/54861.jpg,Necklace and Chains,54861,
data/images/Necklace and Chains/54866.jpg,Necklace and Chains,54866,
data/images/Necklace and Chains/35127.jpg,Necklace and Chains,35127,
data/images/Necklace and Chains/48345.jpg,Necklace and Chains,48345,
data/images/Necklace and Chains/53086.jpg,Necklace and Chains,53086,
data/images/Necklace and Chains/54174.jpg,Necklace and Chains,54174,
data/images/Necklace and Chains/54173.jpg,Necklace and Chains,54173,
data/images/Necklace and Chains/35116.jpg,Necklace and Chains,35116,
data/images/Necklace and Chains/46137.jpg,Necklace and Chains,46137,
data/images/Necklace and Chains/46164.jpg,Necklace and Chains,46164,
data/images/Necklace and Chains/54859.jpg,Necklace and Chains,54859,
data/images/Necklace and Chains/46152.jpg,Necklace and Chains,46152,
data/images/Necklace and Chains/46155.jpg,Necklace and Chains,46155,
data/images/Necklace and Chains/52224.jpg,Necklace and Chains,52224,
data/images/Pendant/52222.jpg,Pendant,52222,
data/images/Pendant/48809.jpg,Pendant,48809,
data/images/Pendant/48789.jpg,Pendant,48789,
data/images/Pendant/48854.jpg,Pendant,48854,
data/images/Pendant/31724.jpg,Pendant,31724,
data/images/Pendant/59513.jpg,Pendant,59513,
data/images/Pendant/48862.jpg,Pendant,48862,
data/images/Pendant/48806.jpg,Pendant,48806,
data/images/Pendant/48865.jpg,Pendant,48865,
data/images/Pendant/31725.jpg,Pendant,31725,
data/images/Pendant/48910.jpg,Pendant,48910,
data/images/Pendant/48896.jpg,Pendant,48896,
data/images/Pendant/52198.jpg,Pendant,52198,
data/images/Pendant/52165.jpg,Pendant,52165,
data/images/Pendant/48836.jpg,Pendant,48836,
data/images/Pendant/48786.jpg,Pendant,48786,
data/images/Pendant/52303.jpg,Pendant,52303,
data/images/Pendant/48807.jpg,Pendant,48807,
data/images/Pendant/56212.jpg,Pendant,56212,
data/images/Pendant/48774.jpg,Pendant,48774,
data/images/Pendant/48781.jpg,Pendant,48781,
data/images/Pendant/48772.jpg,Pendant,48772,
data/images/Pendant/48788.jpg,Pendant,48788,
data/images/Pendant/48943.jpg,Pendant,48943,
data/images/Pendant/58115.jpg,Pendant,58115,
data/images/Pendant/46029.jpg,Pendant,46029,
data/images/Pendant/48853.jpg,Pendant,48853,
data/images/Pendant/59512.jpg,Pendant,59512,
data/images/Pendant/48787.jpg,Pendant,48787,
data/images/Pendant/46026.jpg,Pendant,46026,
data/images/Pendant/52214.jpg,Pendant,52214,
data/images/Pendant/52304.jpg,Pendant,52304,
data/images/Pendant/48911.jpg,Pendant,48911,
data/images/Pendant/46027.jpg,Pendant,46027,
data/images/Pendant/31723.jpg,Pendant,31723,
data/images/Pendant/48891.jpg,Pendant,48891,
data/images/Pendant/52225.jpg,Pendant,52225,
data/images/Pendant/48916.jpg,Pendant,48916,
data/images/Pendant/59515.jpg,Pendant,59515,
data/images/Pendant/48917.jpg,Pendant,48917,
data/images/Earrings/58141.jpg,Earrings,58141,
data/images/Earrings/48728.jpg,Earrings,48728,
data/images/Earrings/52846.jpg,Earrings,52846,
data/images/Earrings/48710.jpg,Earrings,48710,
data/images/Earrings/43792.jpg,Earrings,43792,
data/images/Earrings/53106.jpg,Earrings,53106,
data/images/Earrings/48726.jpg,Earrings,48726,
data/images/Earrings/42622.jpg,Earrings,42622,
data/images/Earrings/43795.jpg,Earrings,43795,
data/images/Earrings/35325.jpg,Earrings,35325,
data/images/Earrings/53101.jpg,Earrings,53101,
data/images/Earrings/53100.jpg,Earrings,53100,
data/images/Earrings/43768.jpg,Earrings,43768,
data/images/Earrings/53108.jpg,Earrings,53108,
data/images/Earrings/52822.jpg,Earrings,52822,
data/images/Earrings/56213.jpg,Earrings,56213,
data/images/Earrings/56214.jpg,Earrings,56214,
data/images/Earrings/31713.jpg,Earrings,31713,
data/images/Earrings/35312.jpg,Earrings,35312,
data/images/Earrings/52823.jpg,Earrings,52823,
data/images/Earrings/52848.jpg,Earrings,52848,
data/images/Earrings/35315.jpg,Earrings,35315,
data/images/Earrings/58112.jpg,Earrings,58112,
data/images/Earrings/52841.jpg,Earrings,52841,
data/images/Earrings/31722.jpg,Earrings,31722,
data/images/Earrings/58123.jpg,Earrings,58123,
data/images/Earrings/35313.jpg,Earrings,35313,
data/images/Earrings/42623.jpg,Earrings,42623,
data/images/Earrings/46045.jpg,Earrings,46045,
data/images/Earrings/48721.jpg,Earrings,48721,
data/images/Earrings/53107.jpg,Earrings,53107,
data/images/Earrings/48717.jpg,Earrings,48717,
data/images/Earrings/31714.jpg,Earrings,31714,
data/images/Earrings/35314.jpg,Earrings,35314,
data/images/Earrings/46044.jpg,Earrings,46044,
data/images/Earrings/52825.jpg,Earrings,52825,
data/images/Earrings/35322.jpg,Earrings,35322,
data/images/Earrings/43759.jpg,Earrings,43759,
data/images/Earrings/58140.jpg,Earrings,58140,
data/images/Earrings/42625.jpg,Earrings,42625,
data/images/Backpacks/37676.jpg,Backpacks,37676,
data/images/Backpacks/19316.jpg,Backpacks,19316,
data/images/Backpacks/35181.jpg,Backpacks,35181,
data/images/Backpacks/2221.jpg,Backpacks,2221,
data/images/Backpacks/58146.jpg,Backpacks,58146,
data/images/Backpacks/30202.jpg,Backpacks,30202,
data/images/Backpacks/39512.jpg,Backpacks,39512,
data/images/Backpacks/37682.jpg,Backpacks,37682,
data/images/Backpacks/35172.jpg,Backpacks,35172,
data/images/Backpacks/19320.jpg,Backpacks,19320,
data/images/Backpacks/12750.jpg,Backpacks,12750,
data/images/Backpacks/5262.jpg,Backpacks,5262,
data/images/Backpacks/37685.jpg,Backpacks,37685,
data/images/Backpacks/12732.jpg,Backpacks,12732,
data/images/Backpacks/43565.jpg,Backpacks,43565,
data/images/Backpacks/31984.jpg,Backpacks,31984,
data/images/Backpacks/29319.jpg,Backpacks,29319,
data/images/Backpacks/35188.jpg,Backpacks,35188,
data/images/Backpacks/9437.jpg,Backpacks,9437,
data/images/Backpacks/19918.jpg,Backpacks,19918,
data/images/Backpacks/37671.jpg,Backpacks,37671,
data/images/Backpacks/19920.jpg,Backpacks,19920,
data/images/Backpacks/8516.jpg,Backpacks,8516,
data/images/Backpacks/9490.jpg,Backpacks,9490,
data/images/Backpacks/19318.jpg,Backpacks,19318,
data/images/Backpacks/35186.jpg,Backpacks,35186,
data/images/Backpacks/15923.jpg,Backpacks,15923,
data/images/Backpacks/53367.jpg,Backpacks,53367,
data/images/Backpacks/34463.jpg,Backpacks,34463,
data/images/Backpacks/18432.jpg,Backpacks,18432,
data/images/Backpacks/22968.jpg,Backpacks,22968,
data/images/Backpacks/9439.jpg,Backpacks,9439,
data/images/Backpacks/46623.jpg,Backpacks,46623,
data/images/Backpacks/21189.jpg,Backpacks,21189,
data/images/Backpacks/19916.jpg,Backpacks,19916,
data/images/Backpacks/7102.jpg,Backpacks,7102,
data/images/Backpacks/7105.jpg,Backpacks,7105,
data/images/Backpacks/29317.jpg,Backpacks,29317,
data/images/Backpacks/4583.jpg,Backpacks,4583,
data/images/Backpacks/24832.jpg,Backpacks,24832,
data/images/Track Pants/34205.jpg,Track Pants,34205,
data/images/Track Pants/1607.jpg,Track Pants,1607,
data/images/Track Pants/53751.jpg,Track Pants,53751,
data/images/Track Pants/3906.jpg,Track Pants,3906,
data/images/Track Pants/12537.jpg,Track Pants,12537,
data/images/Track Pants/28451.jpg,Track Pants,28451,
data/images/Track Pants/2226.jpg,Track Pants,2226,
data/images/Track Pants/34202.jpg,Track Pants,34202,
data/images/Track Pants/44914.jpg,Track Pants,44914,
data/images/Track Pants/23870.jpg,Track Pants,23870,
data/images/Track Pants/11129.jpg,Track Pants,11129,
data/images/Track Pants/7931.jpg,Track Pants,7931,
data/images/Track Pants/7134.jpg,Track Pants,7134,
data/images/Track Pants/17625.jpg,Track Pants,17625,
data/images/Track Pants/3907.jpg,Track Pants,3907,
data/images/Track Pants/4774.jpg,Track Pants,4774,
data/images/Track Pants/28450.jpg,Track Pants,28450,
data/images/Track Pants/28495.jpg,Track Pants,28495,
data/images/Track Pants/21385.jpg,Track Pants,21385,
data/images/Track Pants/28630.jpg,Track Pants,28630,
data/images/Track Pants/30605.jpg,Track Pants,30605,
data/images/Track Pants/17624.jpg,Track Pants,17624,
data/images/Track Pants/34203.jpg,Track Pants,34203,
data/images/Track Pants/11128.jpg,Track Pants,11128,
data/images/Track Pants/11126.jpg,Track Pants,11126,
data/images/Track Pants/5458.jpg,Track Pants,5458,
data/images/Track Pants/21379.jpg,Track Pants,21379,
data/images/Track Pants/44912.jpg,Track Pants,44912,
data/images/Track Pants/12538.jpg,Track Pants,12538,
data/images/Track Pants/1608.jpg,Track Pants,1608,
data/images/Track Pants/22394.jpg,Track Pants,22394,
data/images/Track Pants/7560.jpg,Track Pants,7560,
data/images/Track Pants/28631.jpg,Track Pants,28631,
data/images/Track Pants/5457.jpg,Track Pants,5457,
data/images/Track Pants/30651.jpg,Track Pants,30651,
data/images/Track Pants/53750.jpg,Track Pants,53750,
data/images/Track Pants/7133.jpg,Track Pants,7133,
data/images/Track Pants/17623.jpg,Track Pants,17623,
data/images/Track Pants/34204.jpg,Track Pants,34204,
data/images/Track Pants/30604.jpg,Track Pants,30604,
data/images/Tunics/29182.jpg,Tunics,29182,
data/images/Tunics/56640.jpg,Tunics,56640,
data/images/Tunics/42198.jpg,Tunics,42198,
data/images/Tunics/7160.jpg,Tunics,7160,
data/images/Tunics/20349.jpg,Tunics,20349,
data/images/Tunics/9803.jpg,Tunics,9803,
data/images/Tunics/33214.jpg,Tunics,33214,
data/images/Tunics/57109.jpg,Tunics,57109,
data/images/Tunics/37932.jpg,Tunics,37932,
data/images/Tunics/46249.jpg,Tunics,46249,
data/images/Tunics/15091.jpg,Tunics,15091,
data/images/Tunics/42222.jpg,Tunics,42222,
data/images/Tunics/59890.jpg,Tunics,59890,
data/images/Tunics/27271.jpg,Tunics,27271,
data/images/Tunics/53822.jpg,Tunics,53822,
data/images/Tunics/46278.jpg,Tunics,46278,
data/images/Tunics/7157.jpg,Tunics,7157,
data/images/Tunics/23442.jpg,Tunics,23442,
data/images/Tunics/46240.jpg,Tunics,46240,
data/images/Tunics/12768.jpg,Tunics,12768,
data/images/Tunics/53813.jpg,Tunics,53813,
data/images/Tunics/46246.jpg,Tunics,46246,
data/images/Tunics/46283.jpg,Tunics,46283,
data/images/Tunics/57196.jpg,Tunics,57196,
data/images/Tunics/46282.jpg,Tunics,46282,
data/images/Tunics/33750.jpg,Tunics,33750,
data/images/Tunics/57190.jpg,Tunics,57190,
data/images/Tunics/43615.jpg,Tunics,43615,
data/images/Tunics/42212.jpg,Tunics,42212,
data/images/Tunics/33222.jpg,Tunics,33222,
data/images/Tunics/21172.jpg,Tunics,21172,
data/images/Tunics/56815.jpg,Tunics,56815,
data/images/Tunics/42249.jpg,Tunics,42249,
data/images/Tunics/57199.jpg,Tunics,57199,
data/images/Tunics/43332.jpg,Tunics,43332,
data/images/Tunics/46279.jpg,Tunics,46279,
data/images/Tunics/57197.jpg,Tunics,57197,
data/images/Tunics/38717.jpg,Tunics,38717,
data/images/Tunics/46247.jpg,Tunics,46247,
data/images/Tunics/11713.jpg,Tunics,11713,
data/images/Casual Shoes/30233.jpg,Casual Shoes,30233,
data/images/Casual Shoes/49461.jpg,Casual Shoes,49461,
data/images/Casual Shoes/15517.jpg,Casual Shoes,15517,
data/images/Casual Shoes/49495.jpg,Casual Shoes,49495,
data/images/Casual Shoes/20894.jpg,Casual Shoes,20894,
data/images/Casual Shoes/22705.jpg,Casual Shoes,22705,
data/images/Casual Shoes/24257.jpg,Casual Shoes,24257,
data/images/Casual Shoes/29570.jpg,Casual Shoes,29570,
data/images/Casual Shoes/15510.jpg,Casual Shoes,15510,
data/images/Casual Shoes/19329.jpg,Casual Shoes,19329,
data/images/Casual Shoes/39944.jpg,Casual Shoes,39944,
data/images/Casual Shoes/7364.jpg,Casual Shoes,7364,
data/images/Casual Shoes/49492.jpg,Casual Shoes,49492,
data/images/Casual Shoes/4140.jpg,Casual Shoes,4140,
data/images/Casual Shoes/5896.jpg,Casual Shoes,5896,
data/images/Casual Shoes/23849.jpg,Casual Shoes,23849,
data/images/Casual Shoes/19772.jpg,Casual Shoes,19772,
data/images/Casual Shoes/12507.jpg,Casual Shoes,12507,
data/images/Casual Shoes/36130.jpg,Casual Shoes,36130,
data/images/Casual Shoes/9204.jpg,Casual Shoes,9204,
data/images/Casual Shoes/13073.jpg,Casual Shoes,13073,
data/images/Casual Shoes/44510.jpg,Casual Shoes,44510,
data/images/Casual Shoes/26538.jpg,Casual Shoes,26538,
data/images/Casual Shoes/19311.jpg,Casual Shoes,19311,
data/images/Casual Shoes/6425.jpg,Casual Shoes,6425,
data/images/Casual Shoes/32751.jpg,Casual Shoes,32751,
data/images/Casual Shoes/22702.jpg,Casual Shoes,22702,
data/images/Casual Shoes/59056.jpg,Casual Shoes,59056,
data/images/Casual Shoes/15379.jpg,Casual Shoes,15379,
data/images/Casual Shoes/20856.jpg,Casual Shoes,20856,
data/images/Casual Shoes/9031.jpg,Casual Shoes,9031,
data/images/Casual Shoes/39988.jpg,Casual Shoes,39988,
data/images/Casual Shoes/50741.jpg,Casual Shoes,50741,
data/images/Casual Shoes/42045.jpg,Casual Shoes,42045,
data/images/Casual Shoes/24250.jpg,Casual Shoes,24250,
data/images/Casual Shoes/22198.jpg,Casual Shoes,22198,
data/images/Casual Shoes/42270.jpg,Casual Shoes,42270,
data/images/Casual Shoes/6422.jpg,Casual Shoes,6422,
data/images/Casual Shoes/39943.jpg,Casual Shoes,39943,
data/images/Casual Shoes/40971.jpg,Casual Shoes,40971,
data/images/Flats/16994.jpg,Flats,16994,
data/images/Flats/47538.jpg,Flats,47538,
data/images/Flats/50175.jpg,Flats,50175,
data/images/Flats/54120.jpg,Flats,54120,
data/images/Flats/35784.jpg,Flats,35784,
data/images/Flats/53130.jpg,Flats,53130,
data/images/Flats/43367.jpg,Flats,43367,
data/images/Flats/2616.jpg,Flats,2616,
data/images/Flats/34452.jpg,Flats,34452,
data/images/Flats/50172.jpg,Flats,50172,
data/images/Flats/11511.jpg,Flats,11511,
data/images/Flats/59051.jpg,Flats,59051,
data/images/Flats/47599.jpg,Flats,47599,
data/images/Flats/29583.jpg,Flats,29583,
data/images/Flats/17019.jpg,Flats,17019,
data/images/Flats/47539.jpg,Flats,47539,
data/images/Flats/35785.jpg,Flats,35785,
data/images/Flats/45400.jpg,Flats,45400,
data/images/Flats/45409.jpg,Flats,45409,
data/images/Flats/2627.jpg,Flats,2627,
data/images/Flats/43950.jpg,Flats,43950,
data/images/Flats/45407.jpg,Flats,45407,
data/images/Flats/13045.jpg,Flats,13045,
data/images/Flats/2629.jpg,Flats,2629,
data/images/Flats/2886.jpg,Flats,2886,
data/images/Flats/47530.jpg,Flats,47530,
data/images/Flats/13640.jpg,Flats,13640,
data/images/Flats/13481.jpg,Flats,13481,
data/images/Flats/17017.jpg,Flats,17017,
data/images/Flats/13475.jpg,Flats,13475,
data/images/Flats/53137.jpg,Flats,53137,
data/images/Flats/47537.jpg,Flats,47537,
data/images/Flats/13042.jpg,Flats,13042,
data/images/Flats/18600.jpg,Flats,18600,
data/images/Flats/11925.jpg,Flats,11925,
data/images/Flats/17021.jpg,Flats,17021,
data/images/Flats/30695.jpg,Flats,30695,
data/images/Flats/2618.jpg,Flats,2618,
data/images/Flats/17489.jpg,Flats,17489,
data/images/Flats/27074.jpg,Flats,27074,
data/images/Jeans/41009.jpg,Jeans,41009,
data/images/Jeans/16508.jpg,Jeans,16508,
data/images/Jeans/56847.jpg,Jeans,56847,
data/images/Jeans/29178.jpg,Jeans,29178,
data/images/Jeans/27018.jpg,Jeans,27018,
data/images/Jeans/26993.jpg,Jeans,26993,
data/images/Jeans/21586.jpg,Jeans,21586,
data/images/Jeans/13246.jpg,Jeans,13246,
data/images/Jeans/56849.jpg,Jeans,56849,
data/images/Jeans/11520.jpg,Jeans,11520,
data/images/Jeans/39386.jpg,Jeans,39386,
data/images/Jeans/51499.jpg,Jeans,51499,
data/images/Jeans/27020.jpg,Jeans,27020,
data/images/Jeans/16506.jpg,Jeans,16506,
data/images/Jeans/50947.jpg,Jeans,50947,
data/images/Jeans/39381.jpg,Jeans,39381,
data/images/Jeans/24204.jpg,Jeans,24204,
data/images/Jeans/7707.jpg,Jeans,7707,
data/images/Jeans/36732.jpg,Jeans,36732,
data/images/Jeans/40371.jpg,Jeans,40371,
data/images/Jeans/51497.jpg,Jeans,51497,
data/images/Jeans/11349.jpg,Jeans,11349,
data/images/Jeans/31111.jpg,Jeans,31111,
data/images/Jeans/11340.jpg,Jeans,11340,
data/images/Jeans/44581.jpg,Jeans,44581,
data/images/Jeans/12333.jpg,Jeans,12333,
data/images/Jeans/30453.jpg,Jeans,30453,
data/images/Jeans/7709.jpg,Jeans,7709,
data/images/Jeans/26994.jpg,Jeans,26994,
data/images/Jeans/44586.jpg,Jeans,44586,
data/images/Jeans/44923.jpg,Jeans,44923,
data/images/Jeans/39388.jpg,Jeans,39388,
data/images/Jeans/7193.jpg,Jeans,7193,
data/images/Jeans/51602.jpg,Jeans,51602,
data/images/Jeans/48387.jpg,Jeans,48387,
data/images/Jeans/27016.jpg,Jeans,27016,
data/images/Jeans/50949.jpg,Jeans,50949,
data/images/Jeans/40925.jpg,Jeans,40925,
data/images/Jeans/11347.jpg,Jeans,11347,
data/images/Jeans/13671.jpg,Jeans,13671,
data/images/Capris/43075.jpg,Capris,43075,
data/images/Capris/27010.jpg,Capris,27010,
data/images/Capris/4773.jpg,Capris,4773,
data/images/Capris/10713.jpg,Capris,10713,
data/images/Capris/34116.jpg,Capris,34116,
data/images/Capris/20371.jpg,Capris,20371,
data/images/Capris/2306.jpg,Capris,2306,
data/images/Capris/27011.jpg,Capris,27011,
data/images/Capris/28458.jpg,Capris,28458,
data/images/Capris/18002.jpg,Capris,18002,
data/images/Capris/31464.jpg,Capris,31464,
data/images/Capris/38571.jpg,Capris,38571,
data/images/Capris/39321.jpg,Capris,39321,
data/images/Capris/27222.jpg,Capris,27222,
data/images/Capris/7502.jpg,Capris,7502,
data/images/Capris/34054.jpg,Capris,34054,
data/images/Capris/28457.jpg,Capris,28457,
data/images/Capris/35941.jpg,Capris,35941,
data/images/Capris/28461.jpg,Capris,28461,
data/images/Capris/27416.jpg,Capris,27416,
data/images/Capris/27417.jpg,Capris,27417,
data/images/Capris/33507.jpg,Capris,33507,
data/images/Capris/47153.jpg,Capris,47153,
data/images/Capris/27418.jpg,Capris,27418,
data/images/Capris/43225.jpg,Capris,43225,
data/images/Capris/40145.jpg,Capris,40145,
data/images/Capris/41312.jpg,Capris,41312,
data/images/Capris/27028.jpg,Capris,27028,
data/images/Capris/5809.jpg,Capris,5809,
data/images/Capris/34053.jpg,Capris,34053,
data/images/Capris/13282.jpg,Capris,13282,
data/images/Capris/35940.jpg,Capris,35940,
data/images/Capris/45499.jpg,Capris,45499,
data/images/Capris/54923.jpg,Capris,54923,
data/images/Capris/34055.jpg,Capris,34055,
data/images/Capris/28522.jpg,Capris,28522,
data/images/Capris/47154.jpg,Capris,47154,
data/images/Capris/34052.jpg,Capris,34052,
data/images/Capris/3909.jpg,Capris,3909,
data/images/Capris/27029.jpg,Capris,27029,
data/images/Wallets/38467.jpg,Wallets,38467,
data/images/Wallets/31189.jpg,Wallets,31189,
data/images/Wallets/14867.jpg,Wallets,14867,
data/images/Wallets/41259.jpg,Wallets,41259,
data/images/Wallets/33445.jpg,Wallets,33445,
data/images/Wallets/43394.jpg,Wallets,43394,
data/images/Wallets/18058.jpg,Wallets,18058,
data/images/Wallets/14851.jpg,Wallets,14851,
data/images/Wallets/42877.jpg,Wallets,42877,
data/images/Wallets/20431.jpg,Wallets,20431,
data/images/Wallets/36106.jpg,Wallets,36106,
data/images/Wallets/38291.jpg,Wallets,38291,
data/images/Wallets/54383.jpg,Wallets,54383,
data/images/Wallets/20465.jpg,Wallets,20465,
data/images/Wallets/52812.jpg,Wallets,52812,
data/images/Wallets/33612.jpg,Wallets,33612,
data/images/Wallets/41261.jpg,Wallets,41261,
data/images/Wallets/53360.jpg,Wallets,53360,
data/images/Wallets/17088.jpg,Wallets,17088,
data/images/Wallets/42848.jpg,Wallets,42848,
data/images/Wallets/37870.jpg,Wallets,37870,
data/images/Wallets/42073.jpg,Wallets,42073,
data/images/Wallets/37848.jpg,Wallets,37848,
data/images/Wallets/17081.jpg,Wallets,17081,
data/images/Wallets/17086.jpg,Wallets,17086,
data/images/Wallets/41268.jpg,Wallets,41268,
data/images/Wallets/38298.jpg,Wallets,38298,
data/images/Wallets/42080.jpg,Wallets,42080,
data/images/Wallets/14856.jpg,Wallets,14856,
data/images/Wallets/48146.jpg,Wallets,48146,
data/images/Wallets/42074.jpg,Wallets,42074,
data/images/Wallets/43393.jpg,Wallets,43393,
data/images/Wallets/38296.jpg,Wallets,38296,
data/images/Wallets/14858.jpg,Wallets,14858,
data/images/Wallets/24868.jpg,Wallets,24868,
data/images/Wallets/14869.jpg,Wallets,14869,
data/images/Wallets/48141.jpg,Wallets,48141,
data/images/Wallets/41266.jpg,Wallets,41266,
data/images/Wallets/14860.jpg,Wallets,14860,
data/images/Wallets/36101.jpg,Wallets,36101,
data/images/Formal Shoes/50746.jpg,Formal Shoes,50746,
data/images/Formal Shoes/47191.jpg,Formal Shoes,47191,
data/images/Formal Shoes/23248.jpg,Formal Shoes,23248,
data/images/Formal Shoes/45604.jpg,Formal Shoes,45604,
data/images/Formal Shoes/16163.jpg,Formal Shoes,16163,
data/images/Formal Shoes/22136.jpg,Formal Shoes,22136,
data/images/Formal Shoes/22138.jpg,Formal Shoes,22138,
data/images/Formal Shoes/10633.jpg,Formal Shoes,10633,
data/images/Formal Shoes/20833.jpg,Formal Shoes,20833,
data/images/Formal Shoes/44941.jpg,Formal Shoes,44941,
data/images/Formal Shoes/7363.jpg,Formal Shoes,7363,
data/images/Formal Shoes/10634.jpg,Formal Shoes,10634,
data/images/Formal Shoes/16153.jpg,Formal Shoes,16153,
data/images/Formal Shoes/44940.jpg,Formal Shoes,44940,
data/images/Formal Shoes/17822.jpg,Formal Shoes,17822,
data/images/Formal Shoes/30256.jpg,Formal Shoes,30256,
data/images/Formal Shoes/9038.jpg,Formal Shoes,9038,
data/images/Formal Shoes/22154.jpg,Formal Shoes,22154,
data/images/Formal Shoes/7399.jpg,Formal Shoes,7399,
data/images/Formal Shoes/23247.jpg,Formal Shoes,23247,
data/images/Formal Shoes/10268.jpg,Formal Shoes,10268,
data/images/Formal Shoes/45603.jpg,Formal Shoes,45603,
data/images/Formal Shoes/16154.jpg,Formal Shoes,16154,
data/images/Formal Shoes/2642.jpg,Formal Shoes,2642,
data/images/Formal Shoes/50777.jpg,Formal Shoes,50777,
data/images/Formal Shoes/22131.jpg,Formal Shoes,22131,
data/images/Formal Shoes/11922.jpg,Formal Shoes,11922,
data/images/Formal Shoes/9036.jpg,Formal Shoes,9036,
data/images/Formal Shoes/7390.jpg,Formal Shoes,7390,
data/images/Formal Shoes/23249.jpg,Formal Shoes,23249,
data/images/Formal Shoes/5291.jpg,Formal Shoes,5291,
data/images/Formal Shoes/57950.jpg,Formal Shoes,57950,
data/images/Formal Shoes/5290.jpg,Formal Shoes,5290,
data/images/Formal Shoes/10294.jpg,Formal Shoes,10294,
data/images/Formal Shoes/9430.jpg,Formal Shoes,9430,
data/images/Formal Shoes/7397.jpg,Formal Shoes,7397,
data/images/Formal Shoes/59435.jpg,Formal Shoes,59435,
data/images/Formal Shoes/2826.jpg,Formal Shoes,2826,
data/images/Formal Shoes/30260.jpg,Formal Shoes,30260,
data/images/Formal Shoes/9039.jpg,Formal Shoes,9039,
data/images/Clutches/25119.jpg,Clutches,25119,
data/images/Clutches/42878.jpg,Clutches,42878,
data/images/Clutches/37640.jpg,Clutches,37640,
data/images/Clutches/42849.jpg,Clutches,42849,
data/images/Clutches/42876.jpg,Clutches,42876,
data/images/Clutches/35925.jpg,Clutches,35925,
data/images/Clutches/47961.jpg,Clutches,47961,
data/images/Clutches/31915.jpg,Clutches,31915,
data/images/Clutches/25142.jpg,Clutches,25142,
data/images/Clutches/20851.jpg,Clutches,20851,
data/images/Clutches/38435.jpg,Clutches,38435,
data/images/Clutches/25121.jpg,Clutches,25121,
data/images/Clutches/27045.jpg,Clutches,27045,
data/images/Clutches/27042.jpg,Clutches,27042,
data/images/Clutches/21979.jpg,Clutches,21979,
data/images/Clutches/25143.jpg,Clutches,25143,
data/images/Clutches/42885.jpg,Clutches,42885,
data/images/Clutches/20850.jpg,Clutches,20850,
data/images/Clutches/16751.jpg,Clutches,16751,
data/images/Clutches/42847.jpg,Clutches,42847,
data/images/Clutches/27044.jpg,Clutches,27044,
data/images/Clutches/35144.jpg,Clutches,35144,
data/images/Clutches/25117.jpg,Clutches,25117,
data/images/Clutches/42871.jpg,Clutches,42871,
data/images/Clutches/21982.jpg,Clutches,21982,
data/images/Clutches/58170.jpg,Clutches,58170,
data/images/Clutches/35923.jpg,Clutches,35923,
data/images/Clutches/31914.jpg,Clutches,31914,
data/images/Clutches/47356.jpg,Clutches,47356,
data/images/Clutches/16757.jpg,Clutches,16757,
data/images/Clutches/25128.jpg,Clutches,25128,
data/images/Clutches/42884.jpg,Clutches,42884,
data/images/Clutches/59433.jpg,Clutches,59433,
data/images/Clutches/42879.jpg,Clutches,42879,
data/images/Clutches/47304.jpg,Clutches,47304,
data/images/Clutches/25126.jpg,Clutches,25126,
data/images/Clutches/35145.jpg,Clutches,35145,
data/images/Clutches/47303.jpg,Clutches,47303,
data/images/Clutches/48326.jpg,Clutches,48326,
data/images/Clutches/16769.jpg,Clutches,16769,
data/images/Flip Flops/8746.jpg,Flip Flops,8746,
data/images/Flip Flops/19123.jpg,Flip Flops,19123,
data/images/Flip Flops/26591.jpg,Flip Flops,26591,
data/images/Flip Flops/49839.jpg,Flip Flops,49839,
data/images/Flip Flops/21187.jpg,Flip Flops,21187,
data/images/Flip Flops/15519.jpg,Flip Flops,15519,
data/images/Flip Flops/18653.jpg,Flip Flops,18653,
data/images/Flip Flops/5630.jpg,Flip Flops,5630,
data/images/Flip Flops/15384.jpg,Flip Flops,15384,
data/images/Flip Flops/16734.jpg,Flip Flops,16734,
data/images/Flip Flops/35573.jpg,Flip Flops,35573,
data/images/Flip Flops/49837.jpg,Flip Flops,49837,
data/images/Flip Flops/40777.jpg,Flip Flops,40777,
data/images/Flip Flops/3996.jpg,Flip Flops,3996,
data/images/Flip Flops/15521.jpg,Flip Flops,15521,
data/images/Flip Flops/6447.jpg,Flip Flops,6447,
data/images/Flip Flops/16733.jpg,Flip Flops,16733,
data/images/Flip Flops/7731.jpg,Flip Flops,7731,
data/images/Flip Flops/49830.jpg,Flip Flops,49830,
data/images/Flip Flops/21180.jpg,Flip Flops,21180,
data/images/Flip Flops/44722.jpg,Flip Flops,44722,
data/images/Flip Flops/18492.jpg,Flip Flops,18492,
data/images/Flip Flops/30234.jpg,Flip Flops,30234,
data/images/Flip Flops/24633.jpg,Flip Flops,24633,
data/images/Flip Flops/46885.jpg,Flip Flops,46885,
data/images/Flip Flops/44517.jpg,Flip Flops,44517,
data/images/Flip Flops/8542.jpg,Flip Flops,8542,
data/images/Flip Flops/35574.jpg,Flip Flops,35574,
data/images/Flip Flops/33641.jpg,Flip Flops,33641,
data/images/Flip Flops/49808.jpg,Flip Flops,49808,
data/images/Flip Flops/6414.jpg,Flip Flops,6414,
data/images/Flip Flops/19124.jpg,Flip Flops,19124,
data/images/Flip Flops/44725.jpg,Flip Flops,44725,
data/images/Flip Flops/3998.jpg,Flip Flops,3998,
data/images/Flip Flops/5601.jpg,Flip Flops,5601,
data/images/Flip Flops/43369.jpg,Flip Flops,43369,
data/images/Flip Flops/44714.jpg,Flip Flops,44714,
data/images/Flip Flops/44189.jpg,Flip Flops,44189,
data/images/Flip Flops/17646.jpg,Flip Flops,17646,
data/images/Flip Flops/44713.jpg,Flip Flops,44713,
data/images/Sandals/33646.jpg,Sandals,33646,
data/images/Sandals/18495.jpg,Sandals,18495,
data/images/Sandals/41859.jpg,Sandals,41859,
data/images/Sandals/41866.jpg,Sandals,41866,
data/images/Sandals/12967.jpg,Sandals,12967,
data/images/Sandals/16162.jpg,Sandals,16162,
data/images/Sandals/24098.jpg,Sandals,24098,
data/images/Sandals/47196.jpg,Sandals,47196,
data/images/Sandals/20869.jpg,Sandals,20869,
data/images/Sandals/35529.jpg,Sandals,35529,
data/images/Sandals/46081.jpg,Sandals,46081,
data/images/Sandals/22537.jpg,Sandals,22537,
data/images/Sandals/43958.jpg,Sandals,43958,
data/images/Sandals/40313.jpg,Sandals,40313,
data/images/Sandals/44528.jpg,Sandals,44528,
data/images/Sandals/57506.jpg,Sandals,57506,
data/images/Sandals/5606.jpg,Sandals,5606,
data/images/Sandals/41861.jpg,Sandals,41861,
data/images/Sandals/57935.jpg,Sandals,57935,
data/images/Sandals/17044.jpg,Sandals,17044,
data/images/Sandals/41857.jpg,Sandals,41857,
data/images/Sandals/9497.jpg,Sandals,9497,
data/images/Sandals/11940.jpg,Sandals,11940,
data/images/Sandals/8574.jpg,Sandals,8574,
data/images/Sandals/44521.jpg,Sandals,44521,
data/images/Sandals/35587.jpg,Sandals,35587,
data/images/Sandals/47198.jpg,Sandals,47198,
data/images/Sandals/19927.jpg,Sandals,19927,
data/images/Sandals/35542.jpg,Sandals,35542,
data/images/Sandals/11978.jpg,Sandals,11978,
data/images/Sandals/5296.jpg,Sandals,5296,
data/images/Sandals/41868.jpg,Sandals,41868,
data/images/Sandals/11947.jpg,Sandals,11947,
data/images/Sandals/22153.jpg,Sandals,22153,
data/images/Sandals/19141.jpg,Sandals,19141,
data/images/Sandals/7330.jpg,Sandals,7330,
data/images/Sandals/33648.jpg,Sandals,33648,
data/images/Sandals/35589.jpg,Sandals,35589,
data/images/Sandals/35545.jpg,Sandals,35545,
data/images/Sandals/5608.jpg,Sandals,5608,
data/images/Jackets/28540.jpg,Jackets,28540,
data/images/Jackets/15603.jpg,Jackets,15603,
data/images/Jackets/15322.jpg,Jackets,15322,
data/images/Jackets/13995.jpg,Jackets,13995,
data/images/Jackets/4461.jpg,Jackets,4461,
data/images/Jackets/14322.jpg,Jackets,14322,
data/images/Jackets/19004.jpg,Jackets,19004,
data/images/Jackets/18524.jpg,Jackets,18524,
data/images/Jackets/19342.jpg,Jackets,19342,
data/images/Jackets/1579.jpg,Jackets,1579,
data/images/Jackets/6478.jpg,Jackets,6478,
data/images/Jackets/18512.jpg,Jackets,18512,
data/images/Jackets/6886.jpg,Jackets,6886,
data/images/Jackets/16196.jpg,Jackets,16196,
data/images/Jackets/18201.jpg,Jackets,18201,
data/images/Jackets/20376.jpg,Jackets,20376,
data/images/Jackets/15007.jpg,Jackets,15007,
data/images/Jackets/15464.jpg,Jackets,15464,
data/images/Jackets/1662.jpg,Jackets,1662,
data/images/Jackets/6477.jpg,Jackets,6477,
data/images/Jackets/14000.jpg,Jackets,14000,
data/images/Jackets/6887.jpg,Jackets,6887,
data/images/Jackets/19744.jpg,Jackets,19744,
data/images/Jackets/17153.jpg,Jackets,17153,
data/images/Jackets/8785.jpg,Jackets,8785,
data/images/Jackets/9771.jpg,Jackets,9771,
data/images/Jackets/1584.jpg,Jackets,1584,
data/images/Jackets/15323.jpg,Jackets,15323,
data/images/Jackets/16190.jpg,Jackets,16190,
data/images/Jackets/13240.jpg,Jackets,13240,
data/images/Jackets/13241.jpg,Jackets,13241,
data/images/Jackets/18523.jpg,Jackets,18523,
data/images/Jackets/6889.jpg,Jackets,6889,
data/images/Jackets/13994.jpg,Jackets,13994,
data/images/Jackets/17154.jpg,Jackets,17154,
data/images/Jackets/40922.jpg,Jackets,40922,
data/images/Jackets/6880.jpg,Jackets,6880,
data/images/Jackets/15009.jpg,Jackets,15009,
data/images/Jackets/59122.jpg,Jackets,59122,
data/images/Jackets/17152.jpg,Jackets,17152,
data/images/Night suits/49780.jpg,Night suits,49780,
data/images/Night suits/36285.jpg,Night suits,36285,
data/images/Night suits/56247.jpg,Night suits,56247,
data/images/Night suits/55791.jpg,Night suits,55791,
data/images/Night suits/36263.jpg,Night suits,36263,
data/images/Night suits/56224.jpg,Night suits,56224,
data/images/Night suits/56223.jpg,Night suits,56223,
data/images/Night suits/36264.jpg,Night suits,36264,
data/images/Night suits/36252.jpg,Night suits,36252,
data/images/Night suits/56240.jpg,Night suits,56240,
data/images/Night suits/36270.jpg,Night suits,36270,
data/images/Night suits/55802.jpg,Night suits,55802,
data/images/Night suits/36277.jpg,Night suits,36277,
data/images/Night suits/43466.jpg,Night suits,43466,
data/images/Night suits/52017.jpg,Night suits,52017,
data/images/Night suits/49781.jpg,Night suits,49781,
data/images/Night suits/36276.jpg,Night suits,36276,
data/images/Night suits/36249.jpg,Night suits,36249,
data/images/Night suits/36278.jpg,Night suits,36278,
data/images/Night suits/43468.jpg,Night suits,43468,
data/images/Night suits/36282.jpg,Night suits,36282,
data/images/Night suits/55804.jpg,Night suits,55804,
data/images/Night suits/56225.jpg,Night suits,56225,
data/images/Night suits/43472.jpg,Night suits,43472,
data/images/Night suits/56241.jpg,Night suits,56241,
data/images/Night suits/36279.jpg,Night suits,36279,
data/images/Night suits/36284.jpg,Night suits,36284,
data/images/Night suits/36283.jpg,Night suits,36283,
data/images/Night suits/36290.jpg,Night suits,36290,
data/images/Night suits/56249.jpg,Night suits,56249,
data/images/Night suits/55803.jpg,Night suits,55803,
data/images/Night suits/52417.jpg,Night suits,52417,
data/images/Night suits/55805.jpg,Night suits,55805,
data/images/Night suits/43461.jpg,Night suits,43461,
data/images/Night suits/56222.jpg,Night suits,56222,
data/images/Night suits/52416.jpg,Night suits,52416,
data/images/Night suits/36271.jpg,Night suits,36271,
data/images/Night suits/56248.jpg,Night suits,56248,
data/images/Night suits/49786.jpg,Night suits,49786,
data/images/Night suits/36255.jpg,Night suits,36255,
data/images/Sports Shoes/46086.jpg,Sports Shoes,46086,
data/images/Sports Shoes/17411.jpg,Sports Shoes,17411,
data/images/Sports Shoes/44948.jpg,Sports Shoes,44948,
data/images/Sports Shoes/12993.jpg,Sports Shoes,12993,
data/images/Sports Shoes/24408.jpg,Sports Shoes,24408,
data/images/Sports Shoes/11971.jpg,Sports Shoes,11971,
data/images/Sports Shoes/16966.jpg,Sports Shoes,16966,
data/images/Sports Shoes/33825.jpg,Sports Shoes,33825,
data/images/Sports Shoes/4523.jpg,Sports Shoes,4523,
data/images/Sports Shoes/5402.jpg,Sports Shoes,5402,
data/images/Sports Shoes/12958.jpg,Sports Shoes,12958,
data/images/Sports Shoes/36137.jpg,Sports Shoes,36137,
data/images/Sports Shoes/4147.jpg,Sports Shoes,4147,
data/images/Sports Shoes/12956.jpg,Sports Shoes,12956,
data/images/Sports Shoes/9203.jpg,Sports Shoes,9203,
data/images/Sports Shoes/28655.jpg,Sports Shoes,28655,
data/images/Sports Shoes/43356.jpg,Sports Shoes,43356,
data/images/Sports Shoes/5405.jpg,Sports Shoes,5405,
data/images/Sports Shoes/23882.jpg,Sports Shoes,23882,
data/images/Sports Shoes/3150.jpg,Sports Shoes,3150,
data/images/Sports Shoes/8914.jpg,Sports Shoes,8914,
data/images/Sports Shoes/54543.jpg,Sports Shoes,54543,
data/images/Sports Shoes/3168.jpg,Sports Shoes,3168,
data/images/Sports Shoes/12960.jpg,Sports Shoes,12960,
data/images/Sports Shoes/12994.jpg,Sports Shoes,12994,
data/images/Sports Shoes/41439.jpg,Sports Shoes,41439,
data/images/Sports Shoes/54544.jpg,Sports Shoes,54544,
data/images/Sports Shoes/34835.jpg,Sports Shoes,34835,
data/images/Sports Shoes/33822.jpg,Sports Shoes,33822,
data/images/Sports Shoes/36139.jpg,Sports Shoes,36139,
data/images/Sports Shoes/6628.jpg,Sports Shoes,6628,
data/images/Sports Shoes/15722.jpg,Sports Shoes,15722,
data/images/Sports Shoes/42089.jpg,Sports Shoes,42089,
data/images/Sports Shoes/34832.jpg,Sports Shoes,34832,
data/images/Sports Shoes/23885.jpg,Sports Shoes,23885,
data/images/Sports Shoes/8913.jpg,Sports Shoes,8913,
data/images/Sports Shoes/17416.jpg,Sports Shoes,17416,
data/images/Sports Shoes/4524.jpg,Sports Shoes,4524,
data/images/Sports Shoes/42042.jpg,Sports Shoes,42042,
data/images/Sports Shoes/10096.jpg,Sports Shoes,10096,
data/images/Innerwear Vests/28146.jpg,Innerwear Vests,28146,
data/images/Innerwear Vests/49972.jpg,Innerwear Vests,49972,
data/images/Innerwear Vests/17882.jpg,Innerwear Vests,17882,
data/images/Innerwear Vests/17876.jpg,Innerwear Vests,17876,
data/images/Innerwear Vests/45661.jpg,Innerwear Vests,45661,
data/images/Innerwear Vests/50520.jpg,Innerwear Vests,50520,
data/images/Innerwear Vests/50496.jpg,Innerwear Vests,50496,
data/images/Innerwear Vests/50498.jpg,Innerwear Vests,50498,
data/images/Innerwear Vests/17879.jpg,Innerwear Vests,17879,
data/images/Innerwear Vests/25371.jpg,Innerwear Vests,25371,
data/images/Innerwear Vests/25521.jpg,Innerwear Vests,25521,
data/images/Innerwear Vests/47506.jpg,Innerwear Vests,47506,
data/images/Innerwear Vests/50521.jpg,Innerwear Vests,50521,
data/images/Innerwear Vests/17885.jpg,Innerwear Vests,17885,
data/images/Innerwear Vests/37590.jpg,Innerwear Vests,37590,
data/images/Innerwear Vests/50635.jpg,Innerwear Vests,50635,
data/images/Innerwear Vests/25379.jpg,Innerwear Vests,25379,
data/images/Innerwear Vests/17883.jpg,Innerwear Vests,17883,
data/images/Innerwear Vests/50941.jpg,Innerwear Vests,50941,
data/images/Innerwear Vests/49975.jpg,Innerwear Vests,49975,
data/images/Innerwear Vests/25370.jpg,Innerwear Vests,25370,
data/images/Innerwear Vests/17878.jpg,Innerwear Vests,17878,
data/images/Innerwear Vests/31408.jpg,Innerwear Vests,31408,
data/images/Innerwear Vests/45659.jpg,Innerwear Vests,45659,
data/images/Innerwear Vests/25378.jpg,Innerwear Vests,25378,
data/images/Innerwear Vests/50519.jpg,Innerwear Vests,50519,
data/images/Innerwear Vests/13613.jpg,Innerwear Vests,13613,
data/images/Innerwear Vests/17877.jpg,Innerwear Vests,17877,
data/images/Innerwear Vests/45660.jpg,Innerwear Vests,45660,
data/images/Innerwear Vests/13615.jpg,Innerwear Vests,13615,
data/images/Innerwear Vests/47507.jpg,Innerwear Vests,47507,
data/images/Innerwear Vests/37564.jpg,Innerwear Vests,37564,
data/images/Innerwear Vests/27966.jpg,Innerwear Vests,27966,
data/images/Innerwear Vests/25376.jpg,Innerwear Vests,25376,
data/images/Innerwear Vests/28092.jpg,Innerwear Vests,28092,
data/images/Innerwear Vests/25383.jpg,Innerwear Vests,25383,
data/images/Innerwear Vests/25382.jpg,Innerwear Vests,25382,
data/images/Innerwear Vests/50518.jpg,Innerwear Vests,50518,
data/images/Innerwear Vests/49981.jpg,Innerwear Vests,49981,
data/images/Innerwear Vests/27968.jpg,Innerwear Vests,27968,
data/images/Tops/40376.jpg,Tops,40376,
data/images/Tops/26967.jpg,Tops,26967,
data/images/Tops/11376.jpg,Tops,11376,
data/images/Tops/58513.jpg,Tops,58513,
data/images/Tops/57107.jpg,Tops,57107,
data/images/Tops/33213.jpg,Tops,33213,
data/images/Tops/49653.jpg,Tops,49653,
data/images/Tops/7194.jpg,Tops,7194,
data/images/Tops/31120.jpg,Tops,31120,
data/images/Tops/37223.jpg,Tops,37223,
data/images/Tops/43538.jpg,Tops,43538,
data/images/Tops/59404.jpg,Tops,59404,
data/images/Tops/27879.jpg,Tops,27879,
data/images/Tops/51452.jpg,Tops,51452,
data/images/Tops/32597.jpg,Tops,32597,
data/images/Tops/40385.jpg,Tops,40385,
data/images/Tops/13270.jpg,Tops,13270,
data/images/Tops/19578.jpg,Tops,19578,
data/images/Tops/10401.jpg,Tops,10401,
data/images/Tops/41401.jpg,Tops,41401,
data/images/Tops/40144.jpg,Tops,40144,
data/images/Tops/25520.jpg,Tops,25520,
data/images/Tops/31785.jpg,Tops,31785,
data/images/Tops/31782.jpg,Tops,31782,
data/images/Tops/58514.jpg,Tops,58514,
data/images/Tops/19576.jpg,Tops,19576,
data/images/Tops/31118.jpg,Tops,31118,
data/images/Tops/22392.jpg,Tops,22392,
data/images/Tops/23624.jpg,Tops,23624,
data/images/Tops/34009.jpg,Tops,34009,
data/images/Tops/32599.jpg,Tops,32599,
data/images/Tops/42419.jpg,Tops,42419,
data/images/Tops/39729.jpg,Tops,39729,
data/images/Tops/14099.jpg,Tops,14099,
data/images/Tops/40143.jpg,Tops,40143,
data/images/Tops/23623.jpg,Tops,23623,
data/images/Tops/21174.jpg,Tops,21174,
data/images/Tops/57100.jpg,Tops,57100,
data/images/Tops/42248.jpg,Tops,42248,
data/images/Tops/40382.jpg,Tops,40382,
data/images/Kurtis/42563.jpg,Kurtis,42563,
data/images/Kurtis/12106.jpg,Kurtis,12106,
data/images/Kurtis/23333.jpg,Kurtis,23333,
data/images/Kurtis/30914.jpg,Kurtis,30914,
data/images/Kurtis/28743.jpg,Kurtis,28743,
data/images/Kurtis/23212.jpg,Kurtis,23212,
data/images/Kurtis/56647.jpg,Kurtis,56647,
data/images/Kurtis/59058.jpg,Kurtis,59058,
data/images/Kurtis/56646.jpg,Kurtis,56646,
data/images/Kurtis/46020.jpg,Kurtis,46020,
data/images/Kurtis/30913.jpg,Kurtis,30913,
data/images/Kurtis/11587.jpg,Kurtis,11587,
data/images/Kurtis/23241.jpg,Kurtis,23241,
data/images/Kurtis/39468.jpg,Kurtis,39468,
data/images/Kurtis/28772.jpg,Kurtis,28772,
data/images/Kurtis/56649.jpg,Kurtis,56649,
data/images/Kurtis/56814.jpg,Kurtis,56814,
data/images/Kurtis/33029.jpg,Kurtis,33029,
data/images/Kurtis/19061.jpg,Kurtis,19061,
data/images/Kurtis/28775.jpg,Kurtis,28775,
data/images/Kurtis/30940.jpg,Kurtis,30940,
data/images/Kurtis/12107.jpg,Kurtis,12107,
data/images/Kurtis/12108.jpg,Kurtis,12108,
data/images/Kurtis/30776.jpg,Kurtis,30776,
data/images/Kurtis/25692.jpg,Kurtis,25692,
data/images/Kurtis/24173.jpg,Kurtis,24173,
data/images/Kurtis/24174.jpg,Kurtis,24174,
data/images/Kurtis/12109.jpg,Kurtis,12109,
data/images/Kurtis/56813.jpg,Kurtis,56813,
data/images/Kurtis/39461.jpg,Kurtis,39461,
data/images/Kurtis/53392.jpg,Kurtis,53392,
data/images/Kurtis/12152.jpg,Kurtis,12152,
data/images/Kurtis/40187.jpg,Kurtis,40187,
data/images/Kurtis/56812.jpg,Kurtis,56812,
data/images/Kurtis/30912.jpg,Kurtis,30912,
data/images/Kurtis/50340.jpg,Kurtis,50340,
data/images/Kurtis/46021.jpg,Kurtis,46021,
data/images/Kurtis/35052.jpg,Kurtis,35052,
data/images/Kurtis/40186.jpg,Kurtis,40186,
data/images/Kurtis/11588.jpg,Kurtis,11588,
data/images/Shorts/41000.jpg,Shorts,41000,
data/images/Shorts/15341.jpg,Shorts,15341,
data/images/Shorts/4980.jpg,Shorts,4980,
data/images/Shorts/5003.jpg,Shorts,5003,
data/images/Shorts/5456.jpg,Shorts,5456,
data/images/Shorts/32590.jpg,Shorts,32590,
data/images/Shorts/54924.jpg,Shorts,54924,
data/images/Shorts/4787.jpg,Shorts,4787,
data/images/Shorts/7557.jpg,Shorts,7557,
data/images/Shorts/28459.jpg,Shorts,28459,
data/images/Shorts/54925.jpg,Shorts,54925,
data/images/Shorts/58571.jpg,Shorts,58571,
data/images/Shorts/7533.jpg,Shorts,7533,
data/images/Shorts/21382.jpg,Shorts,21382,
data/images/Shorts/34250.jpg,Shorts,34250,
data/images/Shorts/5451.jpg,Shorts,5451,
data/images/Shorts/31116.jpg,Shorts,31116,
data/images/Shorts/13223.jpg,Shorts,13223,
data/images/Shorts/18005.jpg,Shorts,18005,
data/images/Shorts/41007.jpg,Shorts,41007,
data/images/Shorts/27625.jpg,Shorts,27625,
data/images/Shorts/4989.jpg,Shorts,4989,
data/images/Shorts/34693.jpg,Shorts,34693,
data/images/Shorts/27623.jpg,Shorts,27623,
data/images/Shorts/27624.jpg,Shorts,27624,
data/images/Shorts/27027.jpg,Shorts,27027,
data/images/Shorts/22590.jpg,Shorts,22590,
data/images/Shorts/39745.jpg,Shorts,39745,
data/images/Shorts/13284.jpg,Shorts,13284,
data/images/Shorts/39319.jpg,Shorts,39319,
data/images/Shorts/30603.jpg,Shorts,30603,
data/images/Shorts/28460.jpg,Shorts,28460,
data/images/Shorts/39328.jpg,Shorts,39328,
data/images/Shorts/10052.jpg,Shorts,10052,
data/images/Shorts/10660.jpg,Shorts,10660,
data/images/Shorts/29176.jpg,Shorts,29176,
data/images/Shorts/40126.jpg,Shorts,40126,
data/images/Shorts/27215.jpg,Shorts,27215,
data/images/Shorts/32903.jpg,Shorts,32903,
data/images/Shorts/27426.jpg,Shorts,27426,
data/images/Handbags/53902.jpg,Handbags,53902,
data/images/Handbags/31923.jpg,Handbags,31923,
data/images/Handbags/5854.jpg,Handbags,5854,
data/images/Handbags/25188.jpg,Handbags,25188,
data/images/Handbags/53934.jpg,Handbags,53934,
data/images/Handbags/9007.jpg,Handbags,9007,
data/images/Handbags/31924.jpg,Handbags,31924,
data/images/Handbags/8313.jpg,Handbags,8313,
data/images/Handbags/47395.jpg,Handbags,47395,
data/images/Handbags/42841.jpg,Handbags,42841,
data/images/Handbags/20604.jpg,Handbags,20604,
data/images/Handbags/10250.jpg,Handbags,10250,
data/images/Handbags/47359.jpg,Handbags,47359,
data/images/Handbags/59432.jpg,Handbags,59432,
data/images/Handbags/42846.jpg,Handbags,42846,
data/images/Handbags/47361.jpg,Handbags,47361,
data/images/Handbags/21510.jpg,Handbags,21510,
data/images/Handbags/3396.jpg,Handbags,3396,
data/images/Handbags/58177.jpg,Handbags,58177,
data/images/Handbags/25144.jpg,Handbags,25144,
data/images/Handbags/21948.jpg,Handbags,21948,
data/images/Handbags/52647.jpg,Handbags,52647,
data/images/Handbags/47366.jpg,Handbags,47366,
data/images/Handbags/21977.jpg,Handbags,21977,
data/images/Handbags/48329.jpg,Handbags,48329,
data/images/Handbags/21528.jpg,Handbags,21528,
data/images/Handbags/9009.jpg,Handbags,9009,
data/images/Handbags/58184.jpg,Handbags,58184,
data/images/Handbags/58183.jpg,Handbags,58183,
data/images/Handbags/33442.jpg,Handbags,33442,
data/images/Handbags/31912.jpg,Handbags,31912,
data/images/Handbags/21946.jpg,Handbags,21946,
data/images/Handbags/35913.jpg,Handbags,35913,
data/images/Handbags/29742.jpg,Handbags,29742,
data/images/Handbags/47368.jpg,Handbags,47368,
data/images/Handbags/42870.jpg,Handbags,42870,
data/images/Handbags/3391.jpg,Handbags,3391,
data/images/Handbags/20603.jpg,Handbags,20603,
data/images/Handbags/47392.jpg,Handbags,47392,
data/images/Handbags/47957.jpg,Handbags,47957,
data/images/Socks/37884.jpg,Socks,37884,
data/images/Socks/32165.jpg,Socks,32165,
data/images/Socks/49230.jpg,Socks,49230,
data/images/Socks/37883.jpg,Socks,37883,
data/images/Socks/14604.jpg,Socks,14604,
data/images/Socks/41851.jpg,Socks,41851,
data/images/Socks/43562.jpg,Socks,43562,
data/images/Socks/49290.jpg,Socks,49290,
data/images/Socks/24660.jpg,Socks,24660,
data/images/Socks/12394.jpg,Socks,12394,
data/images/Socks/21572.jpg,Socks,21572,
data/images/Socks/54346.jpg,Socks,54346,
data/images/Socks/32162.jpg,Socks,32162,
data/images/Socks/24658.jpg,Socks,24658,
data/images/Socks/37879.jpg,Socks,37879,
data/images/Socks/21575.jpg,Socks,21575,
data/images/Socks/37877.jpg,Socks,37877,
data/images/Socks/58318.jpg,Socks,58318,
data/images/Socks/24656.jpg,Socks,24656,
data/images/Socks/24295.jpg,Socks,24295,
data/images/Socks/12393.jpg,Socks,12393,
data/images/Socks/29113.jpg,Socks,29113,
data/images/Socks/46876.jpg,Socks,46876,
data/images/Socks/36394.jpg,Socks,36394,
data/images/Socks/58311.jpg,Socks,58311,
data/images/Socks/40121.jpg,Socks,40121,
data/images/Socks/58316.jpg,Socks,58316,
data/images/Socks/41850.jpg,Socks,41850,
data/images/Socks/2217.jpg,Socks,2217,
data/images/Socks/36333.jpg,Socks,36333,
data/images/Socks/2228.jpg,Socks,2228,
data/images/Socks/54341.jpg,Socks,54341,
data/images/Socks/43554.jpg,Socks,43554,
data/images/Socks/24292.jpg,Socks,24292,
data/images/Socks/49299.jpg,Socks,49299,
data/images/Socks/36393.jpg,Socks,36393,
data/images/Socks/58320.jpg,Socks,58320,
data/images/Socks/29114.jpg,Socks,29114,
data/images/Socks/46878.jpg,Socks,46878,
data/images/Socks/14603.jpg,Socks,14603,
data/images/Heels/54118.jpg,Heels,54118,
data/images/Heels/34455.jpg,Heels,34455,
data/images/Heels/55650.jpg,Heels,55650,
data/images/Heels/14438.jpg,Heels,14438,
data/images/Heels/57304.jpg,Heels,57304,
data/images/Heels/3135.jpg,Heels,3135,
data/images/Heels/14409.jpg,Heels,14409,
data/images/Heels/22539.jpg,Heels,22539,
data/images/Heels/30692.jpg,Heels,30692,
data/images/Heels/10292.jpg,Heels,10292,
data/images/Heels/14431.jpg,Heels,14431,
data/images/Heels/20267.jpg,Heels,20267,
data/images/Heels/27080.jpg,Heels,27080,
data/images/Heels/50783.jpg,Heels,50783,
data/images/Heels/57303.jpg,Heels,57303,
data/images/Heels/15526.jpg,Heels,15526,
data/images/Heels/54116.jpg,Heels,54116,
data/images/Heels/54111.jpg,Heels,54111,
data/images/Heels/43951.jpg,Heels,43951,
data/images/Heels/2611.jpg,Heels,2611,
data/images/Heels/2888.jpg,Heels,2888,
data/images/Heels/47552.jpg,Heels,47552,
data/images/Heels/35783.jpg,Heels,35783,
data/images/Heels/54127.jpg,Heels,54127,
data/images/Heels/50784.jpg,Heels,50784,
data/images/Heels/11518.jpg,Heels,11518,
data/images/Heels/14453.jpg,Heels,14453,
data/images/Heels/11516.jpg,Heels,11516,
data/images/Heels/56878.jpg,Heels,56878,
data/images/Heels/56679.jpg,Heels,56679,
data/images/Heels/54129.jpg,Heels,54129,
data/images/Heels/55635.jpg,Heels,55635,
data/images/Heels/39579.jpg,Heels,39579,
data/images/Heels/54145.jpg,Heels,54145,
data/images/Heels/17010.jpg,Heels,17010,
data/images/Heels/2872.jpg,Heels,2872,
data/images/Heels/46615.jpg,Heels,46615,
data/images/Heels/46612.jpg,Heels,46612,
data/images/Heels/55657.jpg,Heels,55657,
data/images/Heels/53139.jpg,Heels,53139,
data/images/Leggings/33958.jpg,Leggings,33958,
data/images/Leggings/33961.jpg,Leggings,33961,
data/images/Leggings/28943.jpg,Leggings,28943,
data/images/Leggings/41314.jpg,Leggings,41314,
data/images/Leggings/42350.jpg,Leggings,42350,
data/images/Leggings/23044.jpg,Leggings,23044,
data/images/Leggings/41313.jpg,Leggings,41313,
data/images/Leggings/12155.jpg,Leggings,12155,
data/images/Leggings/23043.jpg,Leggings,23043,
data/images/Leggings/11099.jpg,Leggings,11099,
data/images/Leggings/39123.jpg,Leggings,39123,
data/images/Leggings/25037.jpg,Leggings,25037,
data/images/Leggings/12162.jpg,Leggings,12162,
data/images/Leggings/54054.jpg,Leggings,54054,
data/images/Leggings/39122.jpg,Leggings,39122,
data/images/Leggings/25036.jpg,Leggings,25036,
data/images/Leggings/33959.jpg,Leggings,33959,
data/images/Leggings/33957.jpg,Leggings,33957,
data/images/Leggings/25913.jpg,Leggings,25913,
data/images/Leggings/54053.jpg,Leggings,54053,
data/images/Leggings/39327.jpg,Leggings,39327,
data/images/Leggings/39326.jpg,Leggings,39326,
data/images/Leggings/41322.jpg,Leggings,41322,
data/images/Leggings/25915.jpg,Leggings,25915,
data/images/Leggings/23045.jpg,Leggings,23045,
data/images/Leggings/12154.jpg,Leggings,12154,
data/images/Leggings/41315.jpg,Leggings,41315,
data/images/Leggings/39124.jpg,Leggings,39124,
data/images/Leggings/28944.jpg,Leggings,28944,
data/images/Leggings/25914.jpg,Leggings,25914,
data/images/Leggings/39125.jpg,Leggings,39125,
data/images/Leggings/23303.jpg,Leggings,23303,
data/images/Leggings/32410.jpg,Leggings,32410,
data/images/Leggings/25912.jpg,Leggings,25912,
data/images/Leggings/33960.jpg,Leggings,33960,
data/images/Leggings/11098.jpg,Leggings,11098,
data/images/Leggings/31180.jpg,Leggings,31180,
data/images/Leggings/12163.jpg,Leggings,12163,
data/images/Leggings/54052.jpg,Leggings,54052,
data/images/Leggings/23302.jpg,Leggings,23302,
data/images/Sarees/46010.jpg,Sarees,46010,
data/images/Sarees/59606.jpg,Sarees,59606,
data/images/Sarees/52879.jpg,Sarees,52879,
data/images/Sarees/59652.jpg,Sarees,59652,
data/images/Sarees/57958.jpg,Sarees,57958,
data/images/Sarees/57966.jpg,Sarees,57966,
data/images/Sarees/57959.jpg,Sarees,57959,
data/images/Sarees/52876.jpg,Sarees,52876,
data/images/Sarees/59662.jpg,Sarees,59662,
data/images/Sarees/59665.jpg,Sarees,59665,
data/images/Sarees/57967.jpg,Sarees,57967,
data/images/Sarees/52884.jpg,Sarees,52884,
data/images/Sarees/59638.jpg,Sarees,59638,
data/images/Sarees/56684.jpg,Sarees,56684,
data/images/Sarees/57960.jpg,Sarees,57960,
data/images/Sarees/59653.jpg,Sarees,59653,
data/images/Sarees/59608.jpg,Sarees,59608,
data/images/Sarees/59631.jpg,Sarees,59631,
data/images/Sarees/57968.jpg,Sarees,57968,
data/images/Sarees/59607.jpg,Sarees,59607,
data/images/Sarees/57956.jpg,Sarees,57956,
data/images/Sarees/59630.jpg,Sarees,59630,
data/images/Sarees/59601.jpg,Sarees,59601,
data/images/Sarees/59636.jpg,Sarees,59636,
data/images/Sarees/59654.jpg,Sarees,59654,
data/images/Sarees/59663.jpg,Sarees,59663,
data/images/Sarees/57969.jpg,Sarees,57969,
data/images/Sarees/59655.jpg,Sarees,59655,
data/images/Sarees/59600.jpg,Sarees,59600,
data/images/Sarees/57957.jpg,Sarees,57957,
data/images/Sarees/57961.jpg,Sarees,57961,
data/images/Sarees/46011.jpg,Sarees,46011,
data/images/Sarees/52877.jpg,Sarees,52877,
data/images/Sarees/59609.jpg,Sarees,59609,
data/images/Sarees/52885.jpg,Sarees,52885,
data/images/Sarees/59637.jpg,Sarees,59637,
data/images/Sarees/52883.jpg,Sarees,52883,
data/images/Sarees/59639.jpg,Sarees,59639,
data/images/Sarees/52878.jpg,Sarees,52878,
data/images/Sarees/56685.jpg,Sarees,56685,
data/images/Scarves/16016.jpg,Scarves,16016,
data/images/Scarves/33992.jpg,Scarves,33992,
data/images/Scarves/19236.jpg,Scarves,19236,
data/images/Scarves/23481.jpg,Scarves,23481,
data/images/Scarves/35090.jpg,Scarves,35090,
data/images/Scarves/23473.jpg,Scarves,23473,
data/images/Scarves/25947.jpg,Scarves,25947,
data/images/Scarves/47652.jpg,Scarves,47652,
data/images/Scarves/25948.jpg,Scarves,25948,
data/images/Scarves/25946.jpg,Scarves,25946,
data/images/Scarves/25939.jpg,Scarves,25939,
data/images/Scarves/59902.jpg,Scarves,59902,
data/images/Scarves/23480.jpg,Scarves,23480,
data/images/Scarves/47663.jpg,Scarves,47663,
data/images/Scarves/57897.jpg,Scarves,57897,
data/images/Scarves/25941.jpg,Scarves,25941,
data/images/Scarves/16011.jpg,Scarves,16011,
data/images/Scarves/16017.jpg,Scarves,16017,
data/images/Scarves/47665.jpg,Scarves,47665,
data/images/Scarves/33989.jpg,Scarves,33989,
data/images/Scarves/47670.jpg,Scarves,47670,
data/images/Scarves/59905.jpg,Scarves,59905,
data/images/Scarves/47664.jpg,Scarves,47664,
data/images/Scarves/23468.jpg,Scarves,23468,
data/images/Scarves/25937.jpg,Scarves,25937,
data/images/Scarves/23472.jpg,Scarves,23472,
data/images/Scarves/23486.jpg,Scarves,23486,
data/images/Scarves/35097.jpg,Scarves,35097,
data/images/Scarves/25949.jpg,Scarves,25949,
data/images/Scarves/25940.jpg,Scarves,25940,
data/images/Scarves/23487.jpg,Scarves,23487,
data/images/Scarves/11142.jpg,Scarves,11142,
data/images/Scarves/47671.jpg,Scarves,47671,
data/images/Scarves/59904.jpg,Scarves,59904,
data/images/Scarves/23475.jpg,Scarves,23475,
data/images/Scarves/47653.jpg,Scarves,47653,
data/images/Scarves/33988.jpg,Scarves,33988,
data/images/Scarves/33987.jpg,Scarves,33987,
data/images/Scarves/23474.jpg,Scarves,23474,
data/images/Scarves/59903.jpg,Scarves,59903,
data/images/Lip Gloss/56086.jpg,Lip Gloss,56086,
data/images/Lip Gloss/55294.jpg,Lip Gloss,55294,
data/images/Lip Gloss/55009.jpg,Lip Gloss,55009,
data/images/Lip Gloss/55007.jpg,Lip Gloss,55007,
data/images/Lip Gloss/56563.jpg,Lip Gloss,56563,
data/images/Lip Gloss/56555.jpg,Lip Gloss,56555,
data/images/Lip Gloss/55293.jpg,Lip Gloss,55293,
data/images/Lip Gloss/55008.jpg,Lip Gloss,55008,
data/images/Lip Gloss/56080.jpg,Lip Gloss,56080,
data/images/Lip Gloss/55006.jpg,Lip Gloss,55006,
data/images/Lip Gloss/55408.jpg,Lip Gloss,55408,
data/images/Lip Gloss/56109.jpg,Lip Gloss,56109,
data/images/Lip Gloss/55000.jpg,Lip Gloss,55000,
data/images/Lip Gloss/55407.jpg,Lip Gloss,55407,
data/images/Lip Gloss/56089.jpg,Lip Gloss,56089,
data/images/Lip Gloss/55491.jpg,Lip Gloss,55491,
data/images/Lip Gloss/56081.jpg,Lip Gloss,56081,
data/images/Lip Gloss/56562.jpg,Lip Gloss,56562,
data/images/Lip Gloss/56564.jpg,Lip Gloss,56564,
data/images/Lip Gloss/56100.jpg,Lip Gloss,56100,
data/images/Lip Gloss/49140.jpg,Lip Gloss,49140,
data/images/Lip Gloss/56088.jpg,Lip Gloss,56088,
data/images/Lip Gloss/56106.jpg,Lip Gloss,56106,
data/images/Lip Gloss/55499.jpg,Lip Gloss,55499,
data/images/Lip Gloss/56565.jpg,Lip Gloss,56565,
data/images/Lip Gloss/55511.jpg,Lip Gloss,55511,
data/images/Lip Gloss/56553.jpg,Lip Gloss,56553,
data/images/Lip Gloss/55490.jpg,Lip Gloss,55490,
data/images/Lip Gloss/56554.jpg,Lip Gloss,56554,
data/images/Lip Gloss/55496.jpg,Lip Gloss,55496,
data/images/Lip Gloss/55587.jpg,Lip Gloss,55587,
data/images/Lip Gloss/56108.jpg,Lip Gloss,56108,
data/images/Lip Gloss/56101.jpg,Lip Gloss,56101,
data/images/Lip Gloss/55295.jpg,Lip Gloss,55295,
data/images/Lip Gloss/56107.jpg,Lip Gloss,56107,
data/images/Lip Gloss/55497.jpg,Lip Gloss,55497,
data/images/Lip Gloss/55498.jpg,Lip Gloss,55498,
data/images/Lip Gloss/56087.jpg,Lip Gloss,56087,
data/images/Lip Gloss/55292.jpg,Lip Gloss,55292,
data/images/Lip Gloss/56507.jpg,Lip Gloss,56507,
data/images/Kurtas/27283.jpg,Kurtas,27283,
data/images/Kurtas/24602.jpg,Kurtas,24602,
data/images/Kurtas/24401.jpg,Kurtas,24401,
data/images/Kurtas/31323.jpg,Kurtas,31323,
data/images/Kurtas/54586.jpg,Kurtas,54586,
data/images/Kurtas/28690.jpg,Kurtas,28690,
data/images/Kurtas/54588.jpg,Kurtas,54588,
data/images/Kurtas/50325.jpg,Kurtas,50325,
data/images/Kurtas/39178.jpg,Kurtas,39178,
data/images/Kurtas/27284.jpg,Kurtas,27284,
data/images/Kurtas/33028.jpg,Kurtas,33028,
data/images/Kurtas/33026.jpg,Kurtas,33026,
data/images/Kurtas/39176.jpg,Kurtas,39176,
data/images/Kurtas/42428.jpg,Kurtas,42428,
data/images/Kurtas/24406.jpg,Kurtas,24406,
data/images/Kurtas/39171.jpg,Kurtas,39171,
data/images/Kurtas/27277.jpg,Kurtas,27277,
data/images/Kurtas/30833.jpg,Kurtas,30833,
data/images/Kurtas/54572.jpg,Kurtas,54572,
data/images/Kurtas/42426.jpg,Kurtas,42426,
data/images/Kurtas/31312.jpg,Kurtas,31312,
data/images/Kurtas/51232.jpg,Kurtas,51232,
data/images/Kurtas/39185.jpg,Kurtas,39185,
data/images/Kurtas/59060.jpg,Kurtas,59060,
data/images/Kurtas/27279.jpg,Kurtas,27279,
data/images/Kurtas/31315.jpg,Kurtas,31315,
data/images/Kurtas/50322.jpg,Kurtas,50322,
data/images/Kurtas/45856.jpg,Kurtas,45856,
data/images/Kurtas/33019.jpg,Kurtas,33019,
data/images/Kurtas/23240.jpg,Kurtas,23240,
data/images/Kurtas/33021.jpg,Kurtas,33021,
data/images/Kurtas/58719.jpg,Kurtas,58719,
data/images/Kurtas/27089.jpg,Kurtas,27089,
data/images/Kurtas/27270.jpg,Kurtas,27270,
data/images/Kurtas/28836.jpg,Kurtas,28836,
data/images/Kurtas/30834.jpg,Kurtas,30834,
data/images/Kurtas/28697.jpg,Kurtas,28697,
data/images/Kurtas/20099.jpg,Kurtas,20099,
data/images/Kurtas/20097.jpg,Kurtas,20097,
data/images/Kurtas/39182.jpg,Kurtas,39182,
data/images/Trunk/50574.jpg,Trunk,50574,
data/images/Trunk/28115.jpg,Trunk,28115,
data/images/Trunk/28066.jpg,Trunk,28066,
data/images/Trunk/50693.jpg,Trunk,50693,
data/images/Trunk/50573.jpg,Trunk,50573,
data/images/Trunk/27958.jpg,Trunk,27958,
data/images/Trunk/27957.jpg,Trunk,27957,
data/images/Trunk/50516.jpg,Trunk,50516,
data/images/Trunk/19492.jpg,Trunk,19492,
data/images/Trunk/27959.jpg,Trunk,27959,
data/images/Trunk/28114.jpg,Trunk,28114,
data/images/Trunk/32106.jpg,Trunk,32106,
data/images/Trunk/28067.jpg,Trunk,28067,
data/images/Trunk/28112.jpg,Trunk,28112,
data/images/Trunk/28069.jpg,Trunk,28069,
data/images/Trunk/50491.jpg,Trunk,50491,
data/images/Trunk/50572.jpg,Trunk,50572,
data/images/Trunk/28068.jpg,Trunk,28068,
data/images/Trunk/50712.jpg,Trunk,50712,
data/images/Trunk/18372.jpg,Trunk,18372,
data/images/Trunk/18691.jpg,Trunk,18691,
data/images/Trunk/27960.jpg,Trunk,27960,
data/images/Trunk/28113.jpg,Trunk,28113,
data/images/Trunk/25340.jpg,Trunk,25340,
data/images/Trunk/18374.jpg,Trunk,18374,
data/images/Trunk/50602.jpg,Trunk,50602,
data/images/Trunk/50604.jpg,Trunk,50604,
data/images/Trunk/27950.jpg,Trunk,27950,
data/images/Trunk/50575.jpg,Trunk,50575,
data/images/Trunk/50692.jpg,Trunk,50692,
data/images/Trunk/50632.jpg,Trunk,50632,
data/images/Trunk/50603.jpg,Trunk,50603,
data/images/Trunk/27961.jpg,Trunk,27961,
data/images/Trunk/28004.jpg,Trunk,28004,
data/images/Trunk/50694.jpg,Trunk,50694,
data/images/Trunk/18375.jpg,Trunk,18375,
data/images/Trunk/45651.jpg,Trunk,45651,
data/images/Trunk/45650.jpg,Trunk,45650,
data/images/Trunk/45656.jpg,Trunk,45656,
data/images/Trunk/50490.jpg,Trunk,50490,
data/images/Lipstick/57554.jpg,Lipstick,57554,
data/images/Lipstick/55455.jpg,Lipstick,55455,
data/images/Lipstick/57555.jpg,Lipstick,57555,
data/images/Lipstick/55039.jpg,Lipstick,55039,
data/images/Lipstick/55454.jpg,Lipstick,55454,
data/images/Lipstick/55038.jpg,Lipstick,55038,
data/images/Lipstick/56020.jpg,Lipstick,56020,
data/images/Lipstick/56019.jpg,Lipstick,56019,
data/images/Lipstick/55438.jpg,Lipstick,55438,
data/images/Lipstick/55001.jpg,Lipstick,55001,
data/images/Lipstick/56026.jpg,Lipstick,56026,
data/images/Lipstick/56011.jpg,Lipstick,56011,
data/images/Lipstick/55037.jpg,Lipstick,55037,
data/images/Lipstick/57599.jpg,Lipstick,57599,
data/images/Lipstick/57598.jpg,Lipstick,57598,
data/images/Lipstick/55030.jpg,Lipstick,55030,
data/images/Lipstick/57563.jpg,Lipstick,57563,
data/images/Lipstick/55052.jpg,Lipstick,55052,
data/images/Lipstick/57553.jpg,Lipstick,57553,
data/images/Lipstick/57597.jpg,Lipstick,57597,
data/images/Lipstick/56017.jpg,Lipstick,56017,
data/images/Lipstick/56016.jpg,Lipstick,56016,
data/images/Lipstick/55436.jpg,Lipstick,55436,
data/images/Lipstick/55462.jpg,Lipstick,55462,
data/images/Lipstick/56021.jpg,Lipstick,56021,
data/images/Lipstick/56043.jpg,Lipstick,56043,
data/images/Lipstick/55431.jpg,Lipstick,55431,
data/images/Lipstick/55063.jpg,Lipstick,55063,
data/images/Lipstick/55205.jpg,Lipstick,55205,
data/images/Lipstick/56044.jpg,Lipstick,56044,
data/images/Lipstick/55036.jpg,Lipstick,55036,
data/images/Lipstick/55064.jpg,Lipstick,55064,
data/images/Lipstick/55465.jpg,Lipstick,55465,
data/images/Lipstick/55409.jpg,Lipstick,55409,
data/images/Lipstick/55031.jpg,Lipstick,55031,
data/images/Lipstick/55055.jpg,Lipstick,55055,
data/images/Lipstick/56029.jpg,Lipstick,56029,
data/images/Lipstick/56010.jpg,Lipstick,56010,
data/images/Lipstick/56028.jpg,Lipstick,56028,
data/images/Lipstick/57552.jpg,Lipstick,57552,
data/images/Bra/57359.jpg,Bra,57359,
data/images/Bra/30465.jpg,Bra,30465,
data/images/Bra/30498.jpg,Bra,30498,
data/images/Bra/59092.jpg,Bra,59092,
data/images/Bra/59069.jpg,Bra,59069,
data/images/Bra/56420.jpg,Bra,56420,
data/images/Bra/30462.jpg,Bra,30462,
data/images/Bra/57350.jpg,Bra,57350,
data/images/Bra/45097.jpg,Bra,45097,
data/images/Bra/56276.jpg,Bra,56276,
data/images/Bra/51204.jpg,Bra,51204,
data/images/Bra/50971.jpg,Bra,50971,
data/images/Bra/51031.jpg,Bra,51031,
data/images/Bra/30496.jpg,Bra,30496,
data/images/Bra/57361.jpg,Bra,57361,
data/images/Bra/50976.jpg,Bra,50976,
data/images/Bra/59691.jpg,Bra,59691,
data/images/Bra/50978.jpg,Bra,50978,
data/images/Bra/56418.jpg,Bra,56418,
data/images/Bra/51832.jpg,Bra,51832,
data/images/Bra/56285.jpg,Bra,56285,
data/images/Bra/51007.jpg,Bra,51007,
data/images/Bra/56278.jpg,Bra,56278,
data/images/Bra/57335.jpg,Bra,57335,
data/images/Bra/59067.jpg,Bra,59067,
data/images/Bra/59093.jpg,Bra,59093,
data/images/Bra/27472.jpg,Bra,27472,
data/images/Bra/56282.jpg,Bra,56282,
data/images/Bra/53507.jpg,Bra,53507,
data/images/Bra/51000.jpg,Bra,51000,
data/images/Bra/27475.jpg,Bra,27475,
data/images/Bra/59066.jpg,Bra,59066,
data/images/Bra/51009.jpg,Bra,51009,
data/images/Bra/56416.jpg,Bra,56416,
data/images/Bra/56271.jpg,Bra,56271,
data/images/Bra/57357.jpg,Bra,57357,
data/images/Bra/39541.jpg,Bra,39541,
data/images/Bra/51054.jpg,Bra,51054,
data/images/Bra/59094.jpg,Bra,59094,
data/images/Bra/27481.jpg,Bra,27481,
data/images/Sweaters/8833.jpg,Sweaters,8833,
data/images/Sweaters/19809.jpg,Sweaters,19809,
data/images/Sweaters/18727.jpg,Sweaters,18727,
data/images/Sweaters/21602.jpg,Sweaters,21602,
data/images/Sweaters/17198.jpg,Sweaters,17198,
data/images/Sweaters/10572.jpg,Sweaters,10572,
data/images/Sweaters/14091.jpg,Sweaters,14091,
data/images/Sweaters/11174.jpg,Sweaters,11174,
data/images/Sweaters/13812.jpg,Sweaters,13812,
data/images/Sweaters/20346.jpg,Sweaters,20346,
data/images/Sweaters/9946.jpg,Sweaters,9946,
data/images/Sweaters/15031.jpg,Sweaters,15031,
data/images/Sweaters/15038.jpg,Sweaters,15038,
data/images/Sweaters/19525.jpg,Sweaters,19525,
data/images/Sweaters/23951.jpg,Sweaters,23951,
data/images/Sweaters/11529.jpg,Sweaters,11529,
data/images/Sweaters/18311.jpg,Sweaters,18311,
data/images/Sweaters/21119.jpg,Sweaters,21119,
data/images/Sweaters/20233.jpg,Sweaters,20233,
data/images/Sweaters/19515.jpg,Sweaters,19515,
data/images/Sweaters/21464.jpg,Sweaters,21464,
data/images/Sweaters/20232.jpg,Sweaters,20232,
data/images/Sweaters/17199.jpg,Sweaters,17199,
data/images/Sweaters/13961.jpg,Sweaters,13961,
data/images/Sweaters/20091.jpg,Sweaters,20091,
data/images/Sweaters/19523.jpg,Sweaters,19523,
data/images/Sweaters/11175.jpg,Sweaters,11175,
data/images/Sweaters/19524.jpg,Sweaters,19524,
data/images/Sweaters/19540.jpg,Sweaters,19540,
data/images/Sweaters/11173.jpg,Sweaters,11173,
data/images/Sweaters/17197.jpg,Sweaters,17197,
data/images/Sweaters/22625.jpg,Sweaters,22625,
data/images/Sweaters/21110.jpg,Sweaters,21110,
data/images/Sweaters/15036.jpg,Sweaters,15036,
data/images/Sweaters/18200.jpg,Sweaters,18200,
data/images/Sweaters/18729.jpg,Sweaters,18729,
data/images/Sweaters/20347.jpg,Sweaters,20347,
data/images/Sweaters/11172.jpg,Sweaters,11172,
data/images/Sweaters/21120.jpg,Sweaters,21120,
data/images/Sweaters/19522.jpg,Sweaters,19522,
data/images/Shirts/6617.jpg,Shirts,6617,
data/images/Shirts/14055.jpg,Shirts,14055,
data/images/Shirts/16392.jpg,Shirts,16392,
data/images/Shirts/15977.jpg,Shirts,15977,
data/images/Shirts/13846.jpg,Shirts,13846,
data/images/Shirts/15983.jpg,Shirts,15983,
data/images/Shirts/12500.jpg,Shirts,12500,
data/images/Shirts/34036.jpg,Shirts,34036,
data/images/Shirts/59297.jpg,Shirts,59297,
data/images/Shirts/16361.jpg,Shirts,16361,
data/images/Shirts/30805.jpg,Shirts,30805,
data/images/Shirts/8587.jpg,Shirts,8587,
data/images/Shirts/4943.jpg,Shirts,4943,
data/images/Shirts/12190.jpg,Shirts,12190,
data/images/Shirts/16530.jpg,Shirts,16530,
data/images/Shirts/11143.jpg,Shirts,11143,
data/images/Shirts/11371.jpg,Shirts,11371,
data/images/Shirts/33489.jpg,Shirts,33489,
data/images/Shirts/9667.jpg,Shirts,9667,
data/images/Shirts/9452.jpg,Shirts,9452,
data/images/Shirts/15984.jpg,Shirts,15984,
data/images/Shirts/9455.jpg,Shirts,9455,
data/images/Shirts/8741.jpg,Shirts,8741,
data/images/Shirts/7167.jpg,Shirts,7167,
data/images/Shirts/15970.jpg,Shirts,15970,
data/images/Shirts/8779.jpg,Shirts,8779,
data/images/Shirts/9660.jpg,Shirts,9660,
data/images/Shirts/11144.jpg,Shirts,11144,
data/images/Shirts/56825.jpg,Shirts,56825,
data/images/Shirts/43960.jpg,Shirts,43960,
data/images/Shirts/26960.jpg,Shirts,26960,
data/images/Shirts/34031.jpg,Shirts,34031,
data/images/Shirts/12369.jpg,Shirts,12369,
data/images/Shirts/26369.jpg,Shirts,26369,
data/images/Shirts/7158.jpg,Shirts,7158,
data/images/Shirts/30802.jpg,Shirts,30802,
data/images/Shirts/22359.jpg,Shirts,22359,
data/images/Shirts/4944.jpg,Shirts,4944,
data/images/Shirts/37812.jpg,Shirts,37812,
data/images/Shirts/22395.jpg,Shirts,22395,
